id_1000_value_176_881.jpg,6758236 A 17,
id_1001_value_1113_124.jpg,E 3379600 12,
id_1002_value_105_174.jpg,31826486,
id_1003_value_209_317.jpg,27085836,
id_1004_value_37_176.jpg,3556383 18,
id_1005_value_273_47.jpg,E 399072013,
id_1006_value_66_009.jpg,5  0075020,
id_1007_value_60_219.jpg,7901165,
id_1008_value_95_912.jpg,1900005400,
id_1009_value_133_679.jpg,0100321528,
id_100_value_51_256.jpg,3238327876,
id_1010_value_109_919.jpg,15-906979,
id_1011_value_567_0.jpg,038177,
id_1012_value_591_381.jpg,H 2866381,
id_1013_value_797_523.jpg,13028677,
id_1014_value_189_678.jpg,0066058,
id_1015_value_1309_052.jpg,20620233,
id_1016_value_367_003.jpg,1221198  14,
id_1017_value_151_374.jpg,207301,
id_1018_value_10_448.jpg,527614829,
id_1019_value_1070_401.jpg,08-2-351009,
id_101_value_28_979.jpg,35733314,
id_1020_value_61_941.jpg,17997788,
id_1021_value_66_784.jpg,32084940,
id_1022_value_95_735.jpg,1610366 A 14,
id_1023_value_428_353.jpg,11-1326826,
id_1024_value_1_862.jpg,18-0033251,
id_1025_value_273_806.jpg,18796188,
id_1026_value_1009_129.jpg,08-318754,
id_1027_value_654_785.jpg,0*53109 B 12,
id_1028_value_125_489.jpg,26775225,
id_1029_value_409_55.jpg,FO5082 14,
id_102_value_351_091.jpg,15069283,
id_1030_value_128_318.jpg,10744939,
id_1031_value_199_337.jpg,019466-2013,
id_1032_value_776_247.jpg,09-319379-AB,
id_1033_value_1131_272.jpg,11 204327,
id_1034_value_263_406.jpg,09888235 05,
id_1035_value_690_387.jpg,11 132232,
id_1036_value_528_894.jpg,130415829,
id_1037_value_136_621.jpg,140610539,
id_1038_value_163_397.jpg,#,
id_1039_value_643_825.jpg,130102138,
id_103_value_334_42.jpg,14-380970,
id_1040_value_127_865.jpg,9012098 17,
id_1041_value_22_136.jpg,0101086467,
id_1042_value_30_011.jpg,*8 1089*83,
id_1043_value_60_503.jpg,1015089856102,
id_1044_value_44_311.jpg,27621469,
id_1045_value_122_269.jpg,19444929,
id_1046_value_8_453.jpg,347316771,
id_1047_value_84_705.jpg,46*****12,
id_1048_value_325_913.jpg,14 0636379,
id_1049_value_166_511.jpg,2493514,
id_104_value_322_032.jpg,14-126445,
id_1050_value_60_509.jpg,5  0351011,
id_1051_value_169_002.jpg,0300003033,
id_1052_value_136_842.jpg,29839865,
id_1053_value_580_979.jpg,00673930,
id_1054_value_65_26.jpg,0024170 08,
id_1055_value_1765_869.jpg,E 6143445 13,
id_1056_value_722_363.jpg,15187866,
id_1057_value_206_805.jpg,32665705,
id_1058_value_247_887.jpg,7497835 15,
id_1059_value_1127_775.jpg,07-3-087254,
id_105_value_78_404.jpg,15-0181500,
id_1060_value_50_135.jpg,0101674536,
id_1061_value_572_883.jpg,M 510597 07,
id_1062_value_219_494.jpg,T 6233100 11,
id_1063_value_641_094.jpg,11 321045,
id_1064_value_623_167.jpg,07-901472-AA,
id_1065_value_151_704.jpg,13 493493,
id_1066_value_290_429.jpg,**0 957006,
id_1067_value_49_186.jpg,11 913288,
id_1068_value_12_608.jpg,6658587,
id_1069_value_117_87.jpg,0100458055,
id_106_value_758_407.jpg,06 024044,
id_1070_value_102_828.jpg,014274114,
id_1071_value_1091_938.jpg,13-2534081,
id_1072_value_643_452.jpg,13 609256,
id_1073_value_702_757.jpg,607555-2013,
id_1074_value_58_072.jpg,37343581,
id_1075_value_90_073.jpg,7 0180924,
id_1076_value_190_063.jpg,14 0093984,
id_1077_value_308_371.jpg,3128783 A 15,
id_1078_value_210_971.jpg,15771560,
id_1079_value_281_559.jpg,C4005938 11,
id_107_value_124_374.jpg,29724685,
id_1080_value_372_883.jpg,27757787,
id_1081_value_42_119.jpg,188230214,
id_1082_value_1084_591.jpg,M 0816472 12,
id_1083_value_1050_584.jpg,13861551,
id_1084_value_433_559.jpg,0100110368,
id_1085_value_81_39.jpg,9315833,
id_1086_value_180_119.jpg,12126841,
id_1088_value_314_492.jpg,L06354 12,
id_1089_value_10_955.jpg,180376801,
id_108_value_277_461.jpg,14-013440,
id_1090_value_309_531.jpg,1011082680201,
id_1091_value_2987_435.jpg,7612627-023-13,
id_1092_value_658_353.jpg,08-063373-AE,
id_1093_value_468_84.jpg,1010030860405,
id_1094_value_40_362.jpg,57730500,
id_1095_value_1040_515.jpg,21594356,
id_1096_value_250_756.jpg,C4035302 11,
id_1097_value_0_337.jpg,164803,
id_1098_value_730_384.jpg,14318425,
id_1099_value_35_588.jpg,5171386,
id_109_value_427_194.jpg,10019439,
id_10_value_150_954.jpg,25282223,
id_1100_value_268_269.jpg,25799273,
id_1101_value_9_229.jpg,9966895 18,
id_1102_value_920_047.jpg,673362,
id_1103_value_9_57.jpg,0001290550,
id_1104_value_14_332.jpg,9200094551,
id_1105_value_148_223.jpg,464298720,
id_1106_value_554_876.jpg,2010 1870659,
id_1107_value_57_32.jpg,13 0836438,
id_1108_value_334_983.jpg,1900007301,
id_1109_value_25_488.jpg,35748544,
id_110_value_299_688.jpg,02498314,
id_1110_value_59_318.jpg,17-0374259,
id_1111_value_190_84.jpg,9767693 18,
id_1112_value_752_641.jpg,13516605,
id_1113_value_134_282.jpg,2609020 A 15,
id_1114_value_276_903.jpg,26724563,
id_1115_value_433_019.jpg,18673731,
id_1116_value_73_866.jpg,#,
id_1117_value_101_299.jpg,14-457513,
id_1118_value_1551_606.jpg,09 022877,
id_1119_value_41_906.jpg,8177646,
id_111_value_93_085.jpg,17_342714,
id_1120_value_208_354.jpg,1880052 14,
id_1121_value_712_0.jpg,06380517,
id_1122_value_62_663.jpg,937310456,
id_1123_value_600_494.jpg,13 0136742,
id_1124_value_853_788.jpg,0337070,
id_1126_value_31_744.jpg,388*175 H***,
id_1127_value_25_768.jpg,28*32608,
id_1128_value_19_766.jpg,33529542,
id_1129_value_143_703.jpg,F22993 14,
id_112_value_365_387.jpg,1011104103305,
id_1130_value_150_145.jpg,26551657,
id_1131_value_40_506.jpg,28043962,
id_1132_value_45693_19.jpg,498713,
id_1133_value_494_334.jpg,10 004777,
id_1134_value_366_995.jpg,14-313826,
id_1135_value_103_854.jpg,14100605,
id_1136_value_1054_406.jpg,12 123695,
id_1137_value_704_175.jpg,11 527366,
id_1138_value_99999_539.jpg,34496885,
id_1139_value_515_194.jpg,173018,
id_113_value_330_374.jpg,26060498,
id_1140_value_42_994.jpg,110023015,
id_1141_value_962_339.jpg,25312336,
id_1142_value_795_149.jpg,#,
id_1143_value_17_644.jpg,38155078,
id_1144_value_590_053.jpg,18347056,
id_1145_value_127_383.jpg,8998208 17,
id_1146_value_90_393.jpg,33529173,
id_1147_value_331_709.jpg,26316872,
id_1148_value_395_131.jpg,110051877,
id_1149_value_49_279.jpg,5304814 A 16,
id_114_value_406_672.jpg,00572249,
id_1150_value_58_169.jpg,9200053807,
id_1151_value_22_418.jpg,1340415 A 14,
id_1152_value_95_22.jpg,282367-2012,
id_1153_value_0_117.jpg,2047588,
id_1154_value_29_701.jpg,2630769,
id_1155_value_393_308.jpg,***689870,
id_1156_value_61_991.jpg,37469286,
id_1157_value_51_64.jpg,17 0075915,
id_1158_value_68_493.jpg,268619910,
id_1159_value_127_44.jpg,26359078,
id_115_value_157_895.jpg,14 0106618,
id_1160_value_435_642.jpg,14-276785,
id_1161_value_71_024.jpg,0100941324,
id_1162_value_159_874.jpg,136771 07,
id_1163_value_117_431.jpg,32729749,
id_1164_value_118_474.jpg,10 1023657,
id_1165_value_450_171.jpg,0050964,
id_1166_value_165_706.jpg,4216747 A 16,
id_1167_value_129_65.jpg,2950998,
id_1168_value_641_413.jpg,OB 8808971 13,
id_1169_value_424_743.jpg,0100182744,
id_116_value_56_516.jpg,5805627 A 17,
id_1170_value_1681_531.jpg,0119032 08,
id_1171_value_456_841.jpg,T 6123673 10,
id_1171_value_456_841_1.jpg,02353596,
id_1172_value_74_176.jpg,0101468883,
id_1173_value_886_683.jpg,08-1-286697,
id_1174_value_92_816.jpg,27229713,
id_1175_value_97_817.jpg,106677,
id_1176_value_29_682.jpg,24350406,
id_1177_value_208_368.jpg,17912491,
id_1178_value_145_126.jpg,08054304,
id_1179_value_433_558.jpg,0367381 H 17,
id_117_value_32_579.jpg,3460420 A 16,
id_1180_value_333_31.jpg,7906712 15,
id_1181_value_71_658.jpg,116734113,
id_1182_value_268_903.jpg,28158909,
id_1183_value_360_981.jpg,18999256,
id_1184_value_978_404.jpg,200912009695,
id_1185_value_346_447.jpg,1124351 A 14,
id_1186_value_610_589.jpg,08-135056-MA,
id_1187_value_267_865.jpg,027769,
id_1188_value_325_738.jpg,22411651,
id_1189_value_167_57.jpg,0959689 A 12,
id_118_value_49_875.jpg,206231372,
id_1190_value_197_546.jpg,24208988,
id_1191_value_499_494.jpg,7267209 15,
id_1192_value_249_791.jpg,35074682,
id_1193_value_147_365.jpg,25914211,
id_1195_value_276_309.jpg,14211879,
id_1196_value_178_808.jpg,3697644 A 16,
id_1197_value_974_68.jpg,1 016011 603801,
id_1198_value_46_895.jpg,24449136,
id_1199_value_214_285.jpg,15349342,
id_119_value_37_902.jpg,0100514514,
id_11_value_431_932.jpg,13 522966,
id_1200_value_112_622.jpg,36925575,
id_1201_value_54_352.jpg,000***184,
id_1202_value_727_91.jpg,12-**33319,
id_1203_value_367_29.jpg,20518772,
id_1204_value_78_677.jpg,9091176 17,
id_1205_value_349_113.jpg,00002132**,
id_1206_value_33_069.jpg,7750173,
id_1207_value_39_346.jpg,12-03-03791-AB,
id_1208_value_25_891.jpg,14 0056707,
id_1209_value_466_244.jpg,15181695,
id_120_value_100_536.jpg,1015037328903,
id_1210_value_212_913.jpg,26631178,
id_1211_value_25_814.jpg,E 3676642 13,
id_1212_value_657_222.jpg,263358,
id_1213_value_126_175.jpg,24043638,
id_1214_value_13_024.jpg,1800510820,
id_1215_value_45_756.jpg,14175329,
id_1216_value_362_741.jpg,12 00*****8,
id_1217_value_93_164.jpg,35277708,
id_1218_value_211_084.jpg,0100000357,
id_1219_value_54_372.jpg,180058638,
id_121_value_355_076.jpg,#,
id_1220_value_357_706.jpg,0100455603,
id_1221_value_15_418.jpg,5204715,
id_1222_value_63_315.jpg,17-0225418,
id_1223_value_11_662.jpg,0100821589,
id_1224_value_255_485.jpg,#,
id_1225_value_49_818.jpg,32904305,
id_1226_value_8_806.jpg,1900054460,
id_1227_value_53_156.jpg,0100636801,
id_1228_value_250_361.jpg,1010045452107,
id_1229_value_13_986.jpg,18-0085862,
id_122_value_245_765.jpg,11 215036,
id_1230_value_424_297.jpg,20468965,
id_1231_value_33_894.jpg,9555306 17,
id_1232_value_773_075.jpg,17298679,
id_1233_value_138_239.jpg,27303540,
id_1234_value_850_0.jpg,08543729,
id_1235_value_388_234.jpg,K 0385592 13,
id_1236_value_209_114.jpg,07-25*****MA,
id_1237_value_454_0.jpg,08311692,
id_1238_value_71_175.jpg,6 0105907,
id_1239_value_322_859.jpg,354136875,
id_123_value_337_294.jpg,O 8586345 12,
id_1240_value_28_306.jpg,937336363,
id_1241_value_6244_155.jpg,08 115506,
id_1242_value_209_385.jpg,2014 9108249,
id_1243_value_13_474.jpg,0101565090,
id_1244_value_36_984.jpg,0482290 A 18,
id_1249_value_0_989.jpg,19-0209415,
id_124_value_305_094.jpg,22509370,
id_1254_value_125_317.png,14 0075995,
id_1257_value_139_217.png,8707379 16,
id_1257_value_139_217_1.png,008661514,
id_1259_value_15_367.jpg,19-0209646,
id_125_value_46_15.jpg,18-246875,
id_1262_value_179_303.jpg,4951045 A 16,
id_1265_value_1_179.jpg,7936668,
id_1268_value_1_492.jpg,7936668,
id_1269_value_213_795.jpg,******* A 14,
id_126_value_769_703.jpg,0054763 08,
id_1271_value_223_559.png,14 0007599,
id_1272_value_228_347.png,8707379 16,
id_1274_value_256_484.png,12 501815,
id_1276_value_25_076.jpg,19-0207203,
id_1278_value_316_01.png,1014024305804,
id_127_value_485_37.jpg,T 6580101 12,
id_1280_value_33_373.png,#,
id_1282_value_374_558.png,12 881010,
id_1284_value_387_773.jpg,1490433 A 14,
id_1287_value_43_943.png,37961444,
id_1288_value_45_041.png,37653370,
id_1289_value_46_589.png,4353682 20,
id_1289_value_46_589_1.png,4348840 20,
id_128_value_62_127.jpg,120862,
id_1290_value_478_437.png,8005003 16,
id_1292_value_4_645.jpg,7939596,
id_1293_value_4_918.jpg,1900209878,
id_1296_value_573_048.png,11 1144402,
id_1297_value_57_745.png,37865156,
id_1299_value_59_523.jpg,0001708991,
id_129_value_210_885.jpg,14550510,
id_12_value_414_676.jpg,10 268023,
id_1300_value_5_395.jpg,7939596,
id_1302_value_60_255.png,37853381,
id_1303_value_60_788.png,8053926 16,
id_1305_value_656_883.png,11 1146187,
id_130_value_185_287.jpg,164210-16,
id_1314_value_842_843.png,63773130 11,
id_1316_value_855_552.png,1014020324908,
id_131_value_523_546.jpg,26557671,
id_132_value_44_407.jpg,6264293 A 17,
id_133_value_2531_108.jpg,6253363,
id_134_value_243_441.jpg,10548139,
id_135_value_127_529.jpg,412764,
id_136_value_213_785.jpg,4758119 A 16,
id_137_value_141_737.jpg,25565936,
id_138_value_537_475.jpg,201101002058,
id_139_value_58_809.jpg,35334826,
id_13_value_21_789.jpg,35860998,
id_140_value_309_519.jpg,15731671,
id_141_value_20_213.jpg,3724604 18,
id_142_value_641_39.jpg,322580,
id_143_value_41_828.jpg,0459971 M 18,
id_144_value_931_045.jpg,070220066,
id_145_value_78_757.jpg,27134653,
id_146_value_74_626.jpg,0465307 A 18,
id_147_value_7_864.jpg,2028301 A 15,
id_149_value_160_531.jpg,20148684,
id_14_value_14_954.jpg,5068030,
id_150_value_307_716.jpg,0937489 C 12,
id_151_value_830_921.jpg,070133585,
id_152_value_575_389.jpg,2161320 A 15,
id_153_value_139_457.jpg,1044117 A 14,
id_154_value_498_982.jpg,10 168076,
id_155_value_24_571.jpg,E 4110646 13,
id_156_value_221_056.jpg,2011 2651005,
id_157_value_96_483.jpg,16745044,
id_158_value_268_775.jpg,0100306481,
id_159_value_391_282.jpg,30403702,
id_15_value_1271_072.jpg,08 050919,
id_160_value_191_005.jpg,9767693 18,
id_161_value_79_982.jpg,30010603,
id_162_value_36_022.jpg,17-0451543,
id_163_value_741_337.jpg,16-025221,
id_164_value_287_188.jpg,23224026,
id_165_value_144_111.jpg,14-241404,
id_166_value_778_329.jpg,21866480,
id_167_value_2_299.jpg,1270309 K 18,
id_168_value_35_368.jpg,6384035 A 17,
id_169_value_104_842.jpg,193732-14,
id_16_value_106_749.jpg,200807014173,
id_170_value_72_507.jpg,174079960,
id_171_value_602_542.jpg,2 1209,
id_172_value_854_361.jpg,13DA042014,
id_173_value_453_351.jpg,037989,
id_174_value_680_443.jpg,20064197,
id_175_value_374_241.jpg,O 8250290 10,
id_176_value_125_152.jpg,28397075,
id_177_value_1050_259.jpg,13861551,
id_178_value_199_668.jpg,2168711 A 15,
id_179_value_31_632.jpg,0101560994,
id_17_value_59_034.jpg,157321145,
id_180_value_233_116.jpg,0965707 C 12,
id_181_value_255_435.jpg,141069125,
id_182_value_542_723.jpg,1013023837101,
id_183_value_381_381.jpg,14-487695,
id_184_value_491_717.jpg,OA 1252492 12,
id_185_value_177_586.jpg,2568818 A 15,
id_186_value_204_875.jpg,1011100139605,
id_187_value_25_425.jpg,38254804,
id_188_value_81_853.jpg,7  0073742,
id_189_value_42_268.jpg,25634452,
id_18_value_137_994.jpg,6  0018898,
id_190_value_233_256.jpg,1803892 1*,
id_191_value_113_266.jpg,359179**,
id_192_value_513_656.jpg,13242028,
id_193_value_92_431.jpg,31724957,
id_194_value_153_434.jpg,5  0049302,
id_195_value_103_694.jpg,25048365,
id_196_value_464_667.jpg,15134631,
id_197_value_146_078.jpg,11977262,
id_198_value_161_557.jpg,1900021425,
id_199_value_68_163.jpg,10081160,
id_19_value_198_521.jpg,036617386,
id_1_value_13_116.jpg,219302601,
id_200_value_87_094.jpg,2002-244893,
id_201_value_168_803.jpg,20352398,
id_202_value_493_084.jpg,13 180792,
id_203_value_154_089.jpg,****530740,
id_204_value_577_044.jpg,25501599,
id_205_value_88_449.jpg,18-300422,
id_206_value_219_63.jpg,17901345,
id_207_value_147_169.jpg,15-204015,
id_208_value_48_223.jpg,145522326,
id_209_value_107_926.jpg,29072718,
id_20_value_191_506.jpg,15-**1338,
id_210_value_111_633.jpg,6  0042299,
id_211_value_165_954.jpg,0923889 B 12,
id_212_value_333_865.jpg,25783988,
id_213_value_79_756.jpg,0250390 M 18,
id_214_value_138_49.jpg,32917690,
id_215_value_322_479.jpg,1015026483309,
id_216_value_493_122.jpg,C2202813 10,
id_217_value_865_65.jpg,07 098912,
id_218_value_276_273.jpg,110917905,
id_219_value_4_516.jpg,1900700968,
id_21_value_447_676.jpg,13136487,
id_220_value_366_68.jpg,10-0354983,
id_221_value_227_621.jpg,3034625 A 15,
id_222_value_157_557.jpg,1012040978002,
id_223_value_563_911.jpg,12 052851,
id_224_value_144_663.jpg,961370-16,
id_225_value_957_703.jpg,11-062078,
id_226_value_162_851.jpg,043102 15,
id_227_value_233_869.jpg,1013086066500,
id_228_value_271_697.jpg,14-014005,
id_229_value_105_735.jpg,21492956,
id_22_value_241_801.jpg,140783717,
id_230_value_80_351.jpg,31762144,
id_231_value_0_7.jpg,180844606,
id_232_value_767_784.jpg,13 029532,
id_233_value_370_276.jpg,21695233,
id_234_value_501_0.jpg,14082294,
id_235_value_93_835.jpg,28237133,
id_236_value_136_123.jpg,17-0006883,
id_237_value_15_381.jpg,12791392,
id_238_value_303_557.jpg,464291754,
id_239_value_50_868.jpg,0101392381,
id_23_value_203_248.jpg,1015035708004,
id_240_value_487_135.jpg,14 137166,
id_241_value_62_567.jpg,0101201131,
id_242_value_0_715.jpg,1800458564,
id_243_value_41_197.jpg,35370640,
id_244_value_170_503.jpg,100513692,
id_245_value_318_326.jpg,2010 1376045,
id_246_value_497_833.jpg,09538926 04,
id_247_value_795_861.jpg,08 0044331,
id_248_value_75_085.jpg,22317185,
id_24_value_127_663.jpg,22402559,
id_250_value_182_897.jpg,8598574 16,
id_251_value_36_0.jpg,9363382,
id_252_value_313_322.jpg,11045413,
id_253_value_309_887.jpg,10 408575,
id_254_value_386_38.jpg,1053799 A 14,
id_255_value_172_542.jpg,17316237,
id_256_value_511_562.jpg,14-312163,
id_257_value_183_387.jpg,13 331130,
id_258_value_619_0.jpg,2012 7749418,
id_25_value_328_484.jpg,31934290,
id_260_value_120_115.jpg,150647709,
id_261_value_80_19.jpg,8270033 16,
id_262_value_409_011.jpg,12 924764,
id_263_value_87_006.jpg,0100086549,
id_264_value_104_406.jpg,20822553,
id_265_value_211_872.jpg,1195075,
id_266_value_76_686.jpg,4512921 A 16,
id_267_value_428_119.jpg,14870305,
id_268_value_192_841.jpg,150451795,
id_269_value_191_927.jpg,20261593,
id_26_value_252_131.jpg,3740694 A 16,
id_270_value_146_443.jpg,7064125 A 15,
id_271_value_176_263.jpg,096865,
id_272_value_342_37.jpg,25898684,
id_273_value_69_605.jpg,4458670 A 16,
id_274_value_250_581.jpg,23805019,
id_275_value_163_713.jpg,5014622 A 16,
id_276_value_293_401.jpg,464279954,
id_277_value_147_577.jpg,0000363656,
id_278_value_15_208.jpg,28043462,
id_279_value_259_766.jpg,6100162079,
id_27_value_140_738.jpg,30730051,
id_280_value_99_692.jpg,8473969 16,
id_281_value_117_878.jpg,31621159,
id_283_value_23_365.jpg,5375221,
id_284_value_351_167.jpg,13 0492707,
id_285_value_886_577.jpg,11 003362,
id_286_value_90_306.jpg,4272248 A 16,
id_287_value_110_818.jpg,1012118435604,
id_288_value_49_28.jpg,29001555,
id_289_value_186_106.jpg,0200207390,
id_28_value_81_998.jpg,16-0077487,
id_290_value_156_423.jpg,14 0510195,
id_291_value_291_216.jpg,H22572 15,
id_292_value_321_827.jpg,1728149 A 15,
id_293_value_705_233.jpg,750864,
id_294_value_57_097.jpg,6080882 A 17,
id_295_value_337_925.jpg,10 111163,
id_296_value_85_751.jpg,1015057940406,
id_297_value_0_054.jpg,0101067493,
id_298_value_196_086.jpg,0957144 B 12,
id_299_value_16_551.jpg,0528095 A 18,
id_29_value_127_491.jpg,C4187497 12,
id_2_value_495_341.jpg,25022791,
id_300_value_402_991.jpg,2948547 A 15,
id_301_value_1125_654.jpg,581948,
id_302_value_490_858.jpg,11341287,
id_303_value_18_245.jpg,130123637,
id_304_value_280_172.jpg,180642,
id_305_value_145_349.jpg,34188366,
id_306_value_158_719.jpg,6976665,
id_307_value_169_002.jpg,0 00003033,
id_308_value_70_94.jpg,217552,
id_308_value_70_94_1.jpg,26027094,
id_30_value_259_681.jpg,11487396,
id_310_value_68_054.jpg,0000471468,
id_311_value_363_805.jpg,7937180 15,
id_312_value_138_228.jpg,17-0009474,
id_313_value_157_905.jpg,3398919 A 15,
id_314_value_168_654.jpg,12171341,
id_315_value_195_419.jpg,11240560,
id_316_value_425_999.jpg,1010121809702,
id_317_value_222_455.jpg,1016048120104,
id_318_value_225_584.jpg,1018081941401,
id_319_value_1669_853.jpg,10 146196,
id_31_value_385_93.jpg,10-022****,
id_320_value_293_281.jpg,08 04215399,
id_321_value_83_943.jpg,4350535,
id_322_value_151_065.jpg,8283018 16,
id_323_value_475_611.jpg,12 010862,
id_324_value_793_0.jpg,7767190,
id_325_value_182_686.jpg,325600736,
id_326_value_262_363.jpg,13275403,
id_327_value_32_253.jpg,010067****,
id_328_value_842_787.jpg,*0126557,
id_329_value_619_41.jpg,22254617,
id_32_value_174_115.jpg,1826508 14,
id_330_value_18_622.jpg,4519586 A 16,
id_331_value_401_774.jpg,08 089555,
id_332_value_453_118.jpg,2014 9169502,
id_333_value_849_037.jpg,10-0410493,
id_334_value_267_778.jpg,22512100,
id_335_value_378_547.jpg,10 1024271,
id_336_value_166_604.jpg,14.8425480,
id_337_value_336_082.jpg,32667211,
id_338_value_781_517.jpg,12757864,
id_339_value_182_635.jpg,29594011,
id_33_value_169_387.jpg,10027068,
id_340_value_362_368.jpg,K 22500 15,
id_341_value_74_408.jpg,24427773,
id_342_value_160_019.jpg,15 0124978,
id_343_value_45_695.jpg,2711174 A 15,
id_344_value_485_179.jpg,19237131,
id_345_value_54_313.jpg,18-045283,
id_346_value_177_673.jpg,35479179,
id_347_value_18_79.jpg,0101704782,
id_348_value_43_132.jpg,141011071,
id_349_value_18_748.jpg,0607551 M 18,
id_34_value_635_498.jpg,11 217937,
id_350_value_120_97.jpg,20432817,
id_351_value_643_256.jpg,11664937,
id_352_value_214_331.jpg,11 424057,
id_353_value_2115_472.jpg,068861,
id_354_value_362_477.jpg,20767884,
id_355_value_165_941.jpg,0130708,
id_356_value_2_687.jpg,62140125,
id_357_value_611_805.jpg,M 1009899 12,
id_358_value_358_003.jpg,10154085,
id_359_value_257_642.jpg,2672*455,
id_35_value_469_334.jpg,00630172,
id_360_value_35_832.jpg,18-168393,
id_361_value_48_641.jpg,E 4197761 13,
id_362_value_2_674.jpg,170950766,
id_363_value_370_127.jpg,2764773 A 15,
id_364_value_148_019.jpg,1123579,
id_365_value_214_61.jpg,3175677 A 15,
id_366_value_26_999.jpg,31169077,
id_367_value_99_013.jpg,13226488,
id_368_value_118_369.jpg,4938538 A 16,
id_369_value_14_509.jpg,7026342,
id_36_value_500_582.jpg,11432569,
id_370_value_832_134.jpg,29617776,
id_371_value_254_081.jpg,15-0194225,
id_372_value_71_374.jpg,232249,
id_373_value_277_517.jpg,18864996,
id_374_value_141_027.jpg,11362976,
id_375_value_833_132.jpg,07-430885-MA,
id_376_value_309_585.jpg,13-2375253,
id_377_value_512_484.jpg,13 2643725,
id_378_value_303_412.jpg,030601,
id_379_value_370_405.jpg,039297-2013,
id_37_value_140_301.jpg,1015084294305,
id_380_value_90_659.jpg,6045616 A 17,
id_381_value_1975_496.jpg,31702615,
id_382_value_78_391.jpg,35043860,
id_383_value_49_098.jpg,34669358,
id_384_value_216_265.jpg,0100530884,
id_385_value_156_613.jpg,25640338,
id_386_value_563_182.jpg,12-1585931,
id_387_value_231_889.jpg,31324387,
id_388_value_14_678.jpg,191264136,
id_389_value_0_088.jpg,0001451501,
id_38_value_299_131.jpg,15407451,
id_390_value_204_165.jpg,20902911,
id_391_value_129_868.jpg,150790697,
id_392_value_377_179.jpg,B18853 14,
id_393_value_376_319.jpg,99/524477,
id_394_value_565_179.jpg,381945-2011,
id_395_value_117_471.jpg,141101461,
id_396_value_228_944.jpg,23355713,
id_397_value_139_462.jpg,15648922,
id_398_value_8_898.jpg,3441261 A 16,
id_399_value_314_514.jpg,053490,
id_39_value_205_803.jpg,02 4787,
id_3_value_366_885.jpg,27062027,
id_400_value_234_306.jpg,07 148011,
id_401_value_36_626.jpg,5752985 A 17,
id_402_value_1626_651.jpg,12-1502299,
id_403_value_553_037.jpg,1011068907100,
id_404_value_231_743.jpg,#,
id_405_value_85_241.jpg,0101508608,
id_406_value_111_977.jpg,0100320723,
id_407_value_21_86.jpg,34729105,
id_408_value_9_802.jpg,0369377 H 17,
id_409_value_788_207.jpg,11711407,
id_40_value_158_359.jpg,34046243,
id_410_value_214_463.jpg,13 001609,
id_411_value_215_105.jpg,18953739,
id_412_value_179_759.jpg,5 0351651,
id_413_value_561_627.jpg,12873933,
id_414_value_20_087.jpg,16-0100799,
id_415_value_262_0.jpg,08246245,
id_416_value_115_431.jpg,08 3- 453276,
id_417_value_180_068.jpg,21257290,
id_418_value_207_428.jpg,130305179,
id_41_value_374_91.jpg,2099272,
id_420_value_516_007.jpg,L05021 12,
id_421_value_59_576.jpg,#,
id_422_value_84_455.jpg,0000432431,
id_423_value_136_858.jpg,5283165 A 16,
id_424_value_4_502.jpg,7311353,
id_425_value_178_484.jpg,347324533,
id_426_value_140_51.jpg,5 0009817,
id_427_value_26_262.jpg,3200292 A 15,
id_428_value_92_319.jpg,35211961,
id_429_value_12_251.jpg,0114827 H 16,
id_42_value_211_427.jpg,0060214,
id_430_value_84_425.jpg,7945558 15,
id_432_value_127_517.jpg,14 0263159,
id_433_value_143_818.jpg,30766823,
id_434_value_1030_676.jpg,1010036343704,
id_435_value_2_403.jpg,39423877,
id_436_value_48_389.jpg,1800454257,
id_437_value_603_135.jpg,161914,
id_438_value_293_369.jpg,15-981184,
id_439_value_467_906.jpg,16974778,
id_43_value_123_689.jpg,13 0008854,
id_440_value_1081_309.jpg,16635423,
id_441_value_250_461.jpg,11-1249981,
id_442_value_35_062.jpg,5 0241219,
id_443_value_649_127.jpg,90876,
id_444_value_571_032.jpg,1272765 A 14,
id_445_value_701_538.jpg,11 507056,
id_446_value_271_545.jpg,7822200 15,
id_447_value_749_431.jpg,30981505,
id_448_value_188_816.jpg,626048,
id_449_value_142_086.jpg,7692090 15,
id_44_value_244_743.jpg,1110268858,
id_450_value_529_891.jpg,08 7696484,
id_451_value_385_451.jpg,E 402087513,
id_452_value_571_864.jpg,13 011228,
id_453_value_139_505.jpg,27707025,
id_454_value_945_536.jpg,1019002519402,
id_455_value_210_273.jpg,29190262,
id_456_value_124_464.jpg,11955149,
id_457_value_11_787.jpg,0265241 M 18,
id_458_value_1080_933.jpg,32056920,
id_459_value_252_729.jpg,800494,
id_45_value_215_0.jpg,14001150,
id_460_value_248_101.jpg,15441276,
id_461_value_185_653.jpg,20534105,
id_462_value_339_016.jpg,17732476,
id_463_value_228_072.jpg,13-01-00020-AB,
id_464_value_97_725.jpg,1017001288404,
id_465_value_382_877.jpg,022019814,
id_466_value_122_487.jpg,1268317 A 14,
id_467_value_127_201.jpg,2007061 A 15,
id_468_value_228_25.jpg,11295434,
id_469_value_715_373.jpg,11 540610,
id_46_value_647_254.jpg,06-422972-MA,
id_470_value_8_275.jpg,39478102,
id_471_value_29_41.jpg,0000295506,
id_472_value_179_428.jpg,092363-16,
id_473_value_68_926.jpg,W 28697 16,
id_475_value_86_07.jpg,0000738834,
id_476_value_34_907.jpg,6 0029285,
id_477_value_188_295.jpg,1756304 14,
id_478_value_226_0.jpg,E 3844386 16,
id_479_value_130_57.jpg,60321263,
id_47_value_301_107.jpg,11 346658,
id_480_value_2054_238.jpg,H 22 348601,
id_481_value_64_737.jpg,5078739,
id_482_value_244_342.jpg,24693753,
id_483_value_554_559.jpg,4812241 A 16,
id_484_value_28_748.jpg,28*326786,
id_485_value_137_551.jpg,15799685,
id_486_value_26_018.jpg,9550531 17,
id_487_value_153_668.jpg,294162663,
id_488_value_134_0.jpg,2014 9372465,
id_489_value_209_881.jpg,9159185 17,
id_48_value_88_795.jpg,2178583 15,
id_490_value_858_516.jpg,07682972,
id_491_value_1388_792.jpg,10 068162,
id_492_value_442_512.jpg,12 012309,
id_493_value_162_101.jpg,#,
id_494_value_854_0.jpg,ETW 13667-06,
id_495_value_72_911.jpg,937322330,
id_496_value_173_242.jpg,09 1*7907,
id_497_value_186_201.jpg,0101351998,
id_498_value_85_744.jpg,14623266,
id_499_value_113_563.jpg,415566180,
id_49_value_7_086.jpg,0001383919,
id_4_value_352_676.jpg,13 425759,
id_500_value_54_533.jpg,180058638,
id_501_value_38_516.jpg,12-1412052,
id_502_value_35_581.jpg,U13053 13,
id_503_value_1542_432.jpg,0629755,
id_504_value_187_522.jpg,050596915,
id_505_value_233_856.jpg,7043015 A 15,
id_506_value_45_638.jpg,9348123 17,
id_507_value_544_234.jpg,E 3946383 13,
id_508_value_25_191.jpg,170766593,
id_50_value_37_106.jpg,19021032,
id_510_value_202_512.jpg,15 0158258,
id_511_value_399_701.jpg,0944832 A 12,
id_512_value_352_334.jpg,14 8380203,
id_513_value_235_163.jpg,9240261,
id_514_value_971_394.jpg,16**62**,
id_515_value_62_345.jpg,9934630 18,
id_516_value_82_121.jpg,1082850,
id_517_value_247_556.jpg,17398608,
id_518_value_14_377.jpg,37653626,
id_519_value_43_335.jpg,150823698,
id_51_value_93_534.jpg,5464361 A 16,
id_520_value_102_667.jpg,17-457675,
id_521_value_423_037.jpg,14 0067717,
id_522_value_505_029.jpg,10 540904,
id_523_value_83_695.jpg,127331144,
id_524_value_198_818.jpg,516311064,
id_525_value_804_985.jpg,08-0004 313,
id_526_value_983_932.jpg,1118364,
id_527_value_911_238.jpg,70637,
id_528_value_145_319.jpg,13-02-11560-AB,
id_529_value_204_76.jpg,17370271,
id_52_value_47_261.jpg,18-045159,
id_530_value_130_188.jpg,4526051 A 16,
id_531_value_246_651.jpg,3628369 A 16,
id_532_value_155_331.jpg,4 0449061,
id_533_value_3_711.jpg,7326534,
id_534_value_115_779.jpg,34135222,
id_535_value_403_274.jpg,1013005584108,
id_536_value_285_472.jpg,4166855 A 16,
id_537_value_66_994.jpg,6409567 A 17,
id_538_value_338_011.jpg,B11138 14,
id_539_value_562_803.jpg,11 349231,
id_53_value_595_825.jpg,1011050799201,
id_540_value_21_537.jpg,2021056 A 15,
id_541_value_93_704.jpg,1783981 14,
id_542_value_312_2.jpg,18135267,
id_543_value_21_877.jpg,15931463,
id_544_value_100_956.jpg,7 0146806,
id_545_value_68_647.jpg,36901473,
id_546_value_19_194.jpg,0101412073,
id_547_value_36_403.jpg,15 000751,
id_548_value_332_77.jpg,M 46153 14,
id_549_value_647_191.jpg,08 249434,
id_54_value_47_734.jpg,170691212,
id_550_value_268_978.jpg,11 1073782,
id_551_value_569_424.jpg,11371068,
id_552_value_202_44.jpg,11 962876,
id_553_value_65_475.jpg,2061424 A 15,
id_554_value_727_113.jpg,10 0017189,
id_555_value_66_559.jpg,35486659,
id_556_value_3_697.jpg,437324702,
id_557_value_48_63.jpg,0334499 M 18,
id_558_value_193_862.jpg,CB 01169 17,
id_559_value_281_821.jpg,1220325900,
id_55_value_51_278.jpg,23535189,
id_560_value_63_736.jpg,35549030,
id_561_value_1131_894.jpg,12 -1498544,
id_562_value_73_816.jpg,5 3006443,
id_563_value_3_0.jpg,4394194 A 16,
id_564_value_45_726.jpg,3671718 18,
id_565_value_248_164.jpg,14640301,
id_566_value_258_0.jpg,07433400,
id_567_value_11_117.jpg,1222931 K 18,
id_568_value_583_745.jpg,7845494 15,
id_569_value_384_176.jpg,14689660,
id_56_value_105_638.jpg,28266354,
id_570_value_108_594.jpg,17-039650,
id_571_value_108_047.jpg,170444326,
id_572_value_135_291.jpg,4710501 A 16,
id_573_value_115_182.jpg,4689180 A 16,
id_574_value_632_458.jpg,279477,
id_575_value_120_633.jpg,60068491,
id_576_value_31_707.jpg,38924933,
id_577_value_12_455.jpg,38257127,
id_578_value_38_045.jpg,5305323 A 16,
id_579_value_94_189.jpg,147326051,
id_57_value_787_236.jpg,2910297,
id_580_value_168_358.jpg,27906095,
id_581_value_121_602.jpg,1900015626,
id_582_value_620_666.jpg,718395,
id_583_value_321_933.jpg,G 13923 14,
id_584_value_779_907.jpg,28956191,
id_585_value_8_591.jpg,337321846,
id_586_value_199_502.jpg,13773202,
id_587_value_1_747.jpg,268610730,
id_588_value_330_509.jpg,141180721,
id_589_value_221_024.jpg,28882778,
id_58_value_336_0.jpg,07547528,
id_590_value_109_56.jpg,30703998,
id_591_value_621_277.jpg,11 664909,
id_592_value_49_927.jpg,34155949,
id_594_value_234_619.jpg,H 2375500 10,
id_595_value_131_007.jpg,26640870,
id_596_value_258_307.jpg,4 0253338,
id_597_value_170_792.jpg,13-03-30048-AB,
id_598_value_491_324.jpg,31701236,
id_599_value_241_662.jpg,17927825,
id_59_value_58_235.jpg,150648352,
id_5_value_100_533.jpg,0000328404,
id_600_value_358_581.jpg,08 04135971,
id_601_value_68_014.jpg,0000471468,
id_602_value_210_099.jpg,10188182,
id_603_value_49_467.jpg,30935420,
id_604_value_11_566.jpg,5683104,
id_605_value_198_938.jpg,0503677,
id_606_value_142_819.jpg,15576933,
id_607_value_174_648.jpg,16459670,
id_608_value_56_995.jpg,#,
id_609_value_269_85.jpg,13 0044443,
id_60_value_258_756.jpg,21798503,
id_610_value_66_854.jpg,13 0260***,
id_611_value_63_756.jpg,1015054854904,
id_613_value_1198_466.jpg,4117486,
id_614_value_218_623.jpg,0721329 A 13,
id_615_value_215_993.jpg,13 0288323,
id_616_value_130_316.jpg,170640520,
id_617_value_429_636.jpg,10-0046370,
id_618_value_1020_93.jpg,1102001043,
id_619_value_481_228.jpg,13460029,
id_61_value_19_151.jpg,1900545408,
id_620_value_0_129.jpg,08-266903-MA,
id_621_value_6_371.jpg,39497505,
id_622_value_98_887.jpg,30377584,
id_623_value_445_282.jpg,1011056012700,
id_624_value_235_05.jpg,32218053,
id_625_value_146_339.jpg,464303833,
id_626_value_220_111.jpg,U10416 13,
id_627_value_323_824.jpg,O 8269261 10,
id_628_value_199_34.jpg,30413563,
id_629_value_584_801.jpg,1378790,
id_62_value_367_401.jpg,1*0018893,
id_630_value_164_0.jpg,2011 6030898,
id_631_value_446_685.jpg,40001770,
id_632_value_1369_0.jpg,97586189,
id_633_value_43_701.jpg,0702380 M 18,
id_634_value_218_209.jpg,5 0036167,
id_635_value_195_465.jpg,16504304,
id_636_value_133_864.jpg,2678443 A 15,
id_637_value_888_224.jpg,06.596429,
id_638_value_0_87.jpg,37340620,
id_639_value_21_222.jpg,3613934 18,
id_63_value_468_808.jpg,54162217,
id_640_value_359_439.jpg,H 2624542 11,
id_641_value_570_149.jpg,***608116,
id_642_value_30_073.jpg,0001441799,
id_643_value_157_321.jpg,U10755 13,
id_644_value_233_386.jpg,71658,
id_645_value_31_559.jpg,10199465,
id_646_value_496_183.jpg,27252241,
id_647_value_1315_0.jpg,11015773,
id_648_value_103_644.jpg,035251,
id_649_value_146_443.jpg,7664125 A 15,
id_64_value_57_509.jpg,0100473345,
id_650_value_257_129.jpg,14 45340,
id_651_value_158_661.jpg,40144473,
id_652_value_21_382.jpg,0101093098,
id_653_value_170_282.jpg,7-229873,
id_654_value_489_464.jpg,0100288536,
id_655_value_60_18.jpg,29209663,
id_656_value_143_044.jpg,27307377,
id_657_value_109_499.jpg,24717267,
id_658_value_325_663.jpg,17839270,
id_659_value_342_009.jpg,A 9337036 11,
id_65_value_210_959.jpg,20910159,
id_660_value_229_523.jpg,E 3274992 12,
id_661_value_92_027.jpg,0000255552,
id_662_value_43_837.jpg,16088552,
id_663_value_1299_557.jpg,526100008,
id_664_value_45_2676.jpg,1500148463,
id_665_value_298_494.jpg,4944452 A 16,
id_666_value_742_966.jpg,13 278586,
id_667_value_957_742.jpg,H-062**8,
id_668_value_676_793.jpg,12-1534117,
id_669_value_271_351.jpg,26188171,
id_66_value_523_223.jpg,08 167155,
id_670_value_2609_185.jpg,004869,
id_671_value_14_113.jpg,1240330 K 18,
id_672_value_350_806.jpg,18235136,
id_673_value_52_521.jpg,28777195,
id_674_value_138_331.jpg,14 0536819,
id_675_value_122_563.jpg,16162102,
id_676_value_6_196.jpg,3752834 18,
id_677_value_26_557.jpg,1800305730,
id_678_value_9_283.jpg,1925327 A 15,
id_679_value_1016_347.jpg,20080600046,
id_67_value_20_205.jpg,14 8517630,
id_680_value_173_645.jpg,15 0205404,
id_681_value_493_021.jpg,13-01-10441-AB,
id_682_value_247_055.jpg,32400047,
id_683_value_28_967.jpg,37171314,
id_684_value_50_338.jpg,24546342,
id_685_value_491_265.jpg,21-*67748,
id_686_value_92_258.jpg,27845406,
id_687_value_71_007.jpg,15001034,
id_688_value_302_18.jpg,#,
id_689_value_439_16.jpg,14-108375,
id_68_value_150_454.jpg,1600013990,
id_690_value_306_099.jpg,7691913 15,
id_691_value_15_774.jpg,5123963 A,
id_692_value_232_731.jpg,11 1161793,
id_693_value_121_66.jpg,276332318,
id_694_value_353_497.jpg,2013 2552937,
id_695_value_93_701.jpg,0200222266,
id_696_value_521_557.jpg,27471474,
id_697_value_26_101.jpg,16-205568,
id_698_value_321_442.jpg,13-2238,
id_699_value_27_244.jpg,0211558 M 17,
id_69_value_703_334.jpg,066497,
id_6_value_345_442.jpg,1420447 A 14,
id_700_value_77_542.jpg,3535864 18,
id_701_value_27_375.jpg,25535*90,
id_702_value_238_801.jpg,5 0210080,
id_703_value_69_269.jpg,1016015431400,
id_704_value_31_029.jpg,0164890-18,
id_705_value_425_98.jpg,13 599052,
id_706_value_820_135.jpg,12826004,
id_707_value_8_834.jpg,1700 269461,
id_708_value_195_1.jpg,14-091443,
id_709_value_333_944.jpg,1014029745704,
id_70_value_37_723.jpg,278324378,
id_70_value_37_723_1.jpg,3646601 A,
id_710_value_108_928.jpg,4152922 A 16,
id_711_value_353_917.jpg,0885970 C 12,
id_712_value_267_531.jpg,3860909 A 16,
id_713_value_11970_02.jpg,3130406,
id_714_value_29_727.jpg,1128280 K 18,
id_715_value_105_786.jpg,30953021,
id_716_value_70_07.jpg,9115311 17,
id_717_value_241_092.jpg,13724123,
id_718_value_142_967.jpg,26071167,
id_719_value_514_047.jpg,11-0903206,
id_71_value_90_216.jpg,160357308,
id_720_value_180_581.jpg,13-01-11394-AB,
id_721_value_134_634.jpg,34483206,
id_722_value_145_011.jpg,13 1117051,
id_723_value_67_521.jpg,21306861,
id_724_value_331_318.jpg,1010055973203,
id_725_value_371_611.jpg,13 0243071,
id_726_value_114_147.jpg,33413526,
id_727_value_492_481.jpg,256437,
id_728_value_391_478.jpg,31506266,
id_729_value_151_066.jpg,23077589,
id_72_value_132_107.jpg,22822967,
id_730_value_588_817.jpg,11-113*711,
id_731_value_231_041.jpg,18222264,
id_732_value_105_979.jpg,31687650,
id_733_value_618_958.jpg,10-10-19490-AB,
id_734_value_11_468.jpg,8794627 16,
id_735_value_4_326.jpg,0101878271,
id_736_value_419_123.jpg,16126919,
id_737_value_119_002.jpg,20100917,
id_738_value_60_218.jpg,23597313,
id_739_value_79_33.jpg,4651968 A 16,
id_73_value_234_619.jpg,H 2375500 10,
id_740_value_274_508.jpg,4 0221924,
id_741_value_132_745.jpg,17-298097,
id_742_value_328_053.jpg,14 0029573,
id_743_value_92_736.jpg,20447 15,
id_744_value_49_648.jpg,13922670,
id_745_value_120_322.jpg,31935706,
id_746_value_163_389.jpg,049323715,
id_747_value_253_226.jpg,14611023,
id_748_value_80_24.jpg,33488784,
id_749_value_88_113.jpg,5465856 A 16,
id_74_value_183_642.jpg,Y31363 17,
id_750_value_137_523.jpg,160123607,
id_751_value_156_29.jpg,20 0958015,
id_752_value_842_484.jpg,140015861,
id_753_value_109_069.jpg,3760734 A 16,
id_754_value_49_637.jpg,27923265,
id_755_value_189_556.jpg,2385*044,
id_756_value_20_009.jpg,1018015709909,
id_757_value_8_348.jpg,0001106862,
id_758_value_105_451.jpg,3**10824,
id_759_value_213_548.jpg,2391631 A 15,
id_75_value_245_437.jpg,15092618,
id_760_value_688_853.jpg,11-0805055,
id_761_value_161_611.jpg,136205674,
id_762_value_785_385.jpg,16208385,
id_763_value_169_244.jpg,27506544,
id_764_value_39_275.jpg,21380111,
id_765_value_88_118.jpg,36521643,
id_766_value_532_41.jpg,0200033924,
id_767_value_497_899.jpg,09 04347366,
id_768_value_147_132.jpg,13 0405544,
id_769_value_116_934.jpg,0000445199,
id_76_value_916_447.jpg,19099711802,
id_770_value_738_941.jpg,10407174,
id_771_value_8_582.jpg,408600604,
id_772_value_76_604.jpg,160187858,
id_773_value_377_27.jpg,4067847 A 16,
id_774_value_237_825.jpg,13-2505116,
id_775_value_41_149.jpg,9183065 17,
id_776_value_845_592.jpg,2338325 15,
id_777_value_43_399.jpg,180370570,
id_778_value_263_156.jpg,11-1201347,
id_779_value_8_249.jpg,0001296817,
id_77_value_665_0.jpg,07472027,
id_780_value_164_17.jpg,0100142533,
id_781_value_343_38.jpg,E 3683756 13,
id_782_value_109_612.jpg,8945249 16,
id_783_value_30_899.jpg,0513484 M **,
id_784_value_282_991.jpg,11794846,
id_785_value_134_333.jpg,H04349 15,
id_786_value_66_169.jpg,23160098,
id_787_value_109_805.jpg,0311356 H *7,
id_788_value_28_411.jpg,0100690714,
id_789_value_347_004.jpg,6447715,
id_78_value_195_502.jpg,C1912391 10,
id_790_value_6_564.jpg,36394927,
id_791_value_96_916.jpg,8 4037016,
id_792_value_666_42.jpg,1014011008800,
id_793_value_485_422.jpg,12-04-28187-AB,
id_795_value_819_768.jpg,11323950,
id_796_value_322_431.jpg,160303737,
id_797_value_281_447.jpg,4 0264626,
id_798_value_596_951.jpg,13203727,
id_799_value_22_0.jpg,33994768,
id_79_value_101_981.jpg,22399186,
id_7_value_405_178.jpg,2023226614,
id_800_value_340_676.jpg,12545658,
id_801_value_1016_591.jpg,10-0117781,
id_802_value_10_886.jpg,1019017636804,
id_803_value_14_591.jpg,H5832828 19,
id_804_value_33_103.jpg,1017014689304,
id_805_value_251_163.jpg,23123486,
id_806_value_674_017.jpg,12 0025348,
id_807_value_149_848.jpg,1014033918606,
id_808_value_412_02.jpg,15506539,
id_809_value_317_554.jpg,M 076814 * 12,
id_80_value_0_112.jpg,61005816,
id_810_value_35_469.jpg,0100752994,
id_811_value_188_799.jpg,30933488,
id_812_value_121_009.jpg,32278960,
id_813_value_132_351.jpg,0101361823,
id_814_value_277_073.jpg,29471999,
id_815_value_253_73.jpg,23268018,
id_816_value_545_577.jpg,15422765,
id_817_value_513_162.jpg,09 126462,
id_818_value_525_562.jpg,30591052,
id_819_value_57_162.jpg,7 0176269,
id_81_value_259_059.jpg,12-178207*,
id_820_value_609_109.jpg,11 065111,
id_821_value_79_867.jpg,25288569,
id_822_value_142_086.jpg,7392090 16,
id_823_value_797_0.jpg,08220966,
id_824_value_338_808.jpg,25866908,
id_825_value_57_45.jpg,0100504792,
id_826_value_16_214.jpg,17_276700,
id_827_value_173_95.jpg,10176205,
id_828_value_173_877.jpg,7 0004570,
id_829_value_243_427.jpg,21246209,
id_82_value_1100_014.jpg,3496581,
id_830_value_81_521.jpg,170072625,
id_831_value_98_827.jpg,070915206,
id_832_value_276_214.jpg,0858969 A 14,
id_833_value_431_42.jpg,B 44635394 12,
id_834_value_265_751.jpg,16-401765,
id_835_value_6_082.jpg,318603705,
id_837_value_55_481.jpg,0100501704,
id_838_value_134_435.jpg,0000698204,
id_840_value_50_268.jpg,1173591,
id_841_value_167_252.jpg,10198630,
id_842_value_401_992.jpg,14610706,
id_843_value_198_639.jpg,27146971,
id_844_value_6_412.jpg,9762187 18,
id_845_value_281_373.jpg,12051299,
id_846_value_42_383.jpg,1017056591405,
id_847_value_333_253.jpg,170330695,
id_848_value_214_842.jpg,06.624122,
id_849_value_472_317.jpg,1011143161601,
id_850_value_434_756.jpg,1699499,
id_852_value_106_791.jpg,16-388268,
id_853_value_19_205.jpg,0101863304,
id_854_value_4_373.jpg,38683097,
id_855_value_62_383.jpg,17- 0085016,
id_856_value_96_189.jpg,26680645,
id_857_value_64_376.jpg,17-398570,
id_858_value_124_462.jpg,11955149,
id_859_value_238_483.jpg,0843937 C 12,
id_85_value_78_069.jpg,11506042,
id_861_value_626_9.jpg,C3030558 11,
id_862_value_341_582.jpg,22083330,
id_863_value_100_217.jpg,110922854,
id_864_value_456_239.jpg,1 016100 153507,
id_865_value_249_112.jpg,0100142524,
id_866_value_543_127.jpg,*-1140353,
id_867_value_21_23.jpg,0107161-18,
id_868_value_259_017.jpg,140975007,
id_869_value_98_458.jpg,1148202 K 18,
id_86_value_240_729.jpg,15038146,
id_870_value_38_316.jpg,5024197,
id_871_value_286_605.jpg,6 460466,
id_872_value_193_0.jpg,2013 8795705,
id_873_value_443_883.jpg,12-1646563,
id_875_value_61_184.jpg,16794517,
id_876_value_419_246.jpg,12888078,
id_877_value_39_379.jpg,H 2171006 10,
id_878_value_97_299.jpg,10*00194,
id_879_value_397_726.jpg,10-0187369,
id_87_value_374_66.jpg,2 ****828,
id_880_value_462_079.jpg,19600*,
id_881_value_639_513.jpg,01611471,
id_882_value_344_034.jpg,22094887,
id_883_value_67_233.jpg,12 836489,
id_884_value_179_697.jpg,A W 80500527,
id_885_value_575_828.jpg,$00504 13,
id_886_value_491_457.jpg,839364,
id_887_value_31_732.jpg,31577637,
id_888_value_352_192.jpg,08-00343,
id_889_value_9_451.jpg,7100854 A 16,
id_88_value_168_625.jpg,1011150835809,
id_890_value_96_374.jpg,32255262,
id_891_value_172_595.jpg,10 538811,
id_892_value_236_245.jpg,1018045261804,
id_893_value_126_445.jpg,1945841 A 15,
id_894_value_176_041.jpg,21426610,
id_895_value_136_653.jpg,14-539626,
id_896_value_102_623.jpg,23205438,
id_897_value_506_616.jpg,10 490524,
id_898_value_136_669.jpg,1086966 A 14,
id_899_value_39_44.jpg,36574570,
id_89_value_514_352.jpg,10509654,
id_8_value_1095_124.jpg,09-205342-AB,
id_900_value_436_101.jpg,334083-2010,
id_901_value_119_885.jpg,14293850,
id_902_value_269_203.jpg,2348878 A 15,
id_903_value_42_717.jpg,0100919457,
id_904_value_77_312.jpg,0385019 M 18,
id_905_value_19_368.jpg,7031739,
id_906_value_218_978.jpg,0000328392,
id_907_value_148_153.jpg,0001197120,
id_908_value_116_011.jpg,12395734,
id_909_value_2_146.jpg,160065412,
id_910_value_550_348.jpg,4 0027514,
id_911_value_200_804.jpg,18295320,
id_912_value_40_172.jpg,0000659953,
id_913_value_222_914.jpg,13-024513,
id_914_value_668_51.jpg,484360,
id_915_value_91_523.jpg,8634437 16,
id_916_value_123_153.jpg,25054583,
id_917_value_190_84.jpg,1013047498500,
id_918_value_472_037.jpg,11-1107365,
id_919_value_315_892.jpg,16-033099,
id_91_value_40_736.jpg,1356411,
id_920_value_112_725.jpg,1014061818305,
id_921_value_222_747.jpg,0628084,
id_922_value_265_054.jpg,2040066 15,
id_923_value_133_175.jpg,14-283192,
id_924_value_625_593.jpg,0182397,
id_925_value_254_755.jpg,13590481,
id_926_value_203_154.jpg,12 979165,
id_927_value_165_143.jpg,9071066 17,
id_928_value_377_625.jpg,13 014879,
id_929_value_85_4.jpg,073881-17,
id_92_value_116_405.jpg,7690340 15,
id_930_value_19_846.jpg,0475463 H 18,
id_931_value_295_293.jpg,3561317 A 16,
id_932_value_19_125.jpg,7 0319126,
id_933_value_121_779.jpg,T 03729 16,
id_934_value_231_52.jpg,17-128991,
id_935_value_50_409.jpg,170996568,
id_936_value_555_854.jpg,31093711,
id_937_value_3_329.jpg,0001119161,
id_938_value_136_897.jpg,21144511,
id_939_value_479_36.jpg,14 0146505,
id_93_value_105_535.jpg,31501124,
id_940_value_137_423.jpg,1096332,
id_941_value_37_11.jpg,0410099 M 18,
id_943_value_99_677.jpg,13628528,
id_944_value_46_856.jpg,6 0061781,
id_945_value_49_46.jpg,5477442 A 16,
id_946_value_809_0.jpg,09279121,
id_947_value_877_895.jpg,0342982,
id_948_value_349_795.jpg,14-320637,
id_949_value_272_153.jpg,2247762 A 15,
id_94_value_93_518.jpg,1012097629605,
id_950_value_613_378.jpg,09-0015009,
id_951_value_514_042.jpg,0100131784,
id_952_value_493_437.jpg,4-509188,
id_953_value_66_584.jpg,0231431 H 17,
id_954_value_10_242.jpg,0102039470,
id_955_value_252_025.jpg,12229886,
id_956_value_252_324.jpg,2013 2546633,
id_957_value_215_961.jpg,3921793 A 16,
id_958_value_1581_969.jpg,20865777,
id_959_value_522_073.jpg,187045,
id_95_value_45_298.jpg,0000607963,
id_960_value_606_357.jpg,12-1473311,
id_961_value_78_021.jpg,21061570,
id_962_value_69_373.jpg,0000601637,
id_963_value_242_778.jpg,3509345,
id_964_value_487_767.jpg,C1923957 10,
id_965_value_10_666.jpg,1800457188,
id_966_value_128_967.jpg,9279567 17,
id_967_value_588_276.jpg,0322989 08,
id_968_value_158_106.jpg,17-225284,
id_969_value_288_838.jpg,1898267 14,
id_970_value_437_807.jpg,14 0135872,
id_971_value_189_213.jpg,28935612,
id_972_value_224_21.jpg,15074748,
id_973_value_951_333.jpg,047515,
id_974_value_716_262.jpg,0537184 15,
id_975_value_452_487.jpg,95054298,
id_976_value_315_461.jpg,0841372 B 12,
id_977_value_396_876.jpg,140747403,
id_978_value_394_256.jpg,14 8376871,
id_979_value_145_98.jpg,32919223,
id_97_value_368_218.jpg,12.892662,
id_980_value_31_618.jpg,0101560994,
id_981_value_363_805.jpg,7937180 15,
id_982_value_114_41.jpg,OA 1128375 11,
id_983_value_174_397.jpg,150071618,
id_984_value_2703_797.jpg,14213890,
id_985_value_108_331.jpg,8945249 16,
id_987_value_162_075.jpg,#,
id_988_value_108_494.jpg,03704653 07,
id_989_value_37_391.jpg,17-0184618,
id_98_value_304_465.jpg,3558407 A 16,
id_990_value_106_899.jpg,146304291,
id_991_value_13_852.jpg,0867557,
id_992_value_480_413.jpg,28653403,
id_993_value_53_018.jpg,8459979 16,
id_994_value_95_212.jpg,627396-14,
id_995_value_434_169.jpg,0100736583,
id_996_value_19_0.jpg,98060711,
id_997_value_692_675.jpg,10-0097019,
id_998_value_255_344.jpg,0200062708,
id_999_value_638_289.jpg,305***62,
id_99_value_200_319.jpg,34053822,
id_9_value_18_724.jpg,37519635,
oi_10020.jpg,220287534,
oi_10020_1.jpg,220257325,
oi_10040.jpg,220253180,
oi_10043.jpg,220596288,
oi_10045.jpg,220358207,
oi_10083.jpg,23-018376,
oi_10084.jpg,23-018375,
oi_1014.jpg,0774952 C 12,
oi_1021.jpg,150413876,
oi_1022.jpg,150429596,
oi_1023.jpg,051030315,
oi_1024.jpg,13 0810470,
oi_10242.jpg,2010 2337328,
oi_1029.jpg,M 083788412,
oi_10298.jpg,150441305,
oi_10299.jpg,150411628,
oi_10300.jpg,150565677,
oi_10301.jpg,150562829,
oi_1032.jpg,14 0077813,
oi_1036.jpg,8075826 16,
oi_1037.jpg,6 0096989,
oi_1038.jpg,6 0096985,
oi_1045.jpg,0100010262,
oi_1049.jpg,T 6441904 11,
oi_1052.jpg,15 0247147,
oi_1053.jpg,15 0247143,
oi_1057.jpg,15 0208198,
oi_1059.jpg,150537908,
oi_1062.jpg,6 0074747,
oi_1065.jpg,150836509,
oi_1066.jpg,150494807,
oi_1072.jpg,8011383 16,
oi_1073.jpg,8050067 16,
oi_1078.jpg,14 0035651,
oi_10802.jpg,1 4 1023126,
oi_10803.jpg,15 0005010,
oi_10810.jpg,77787,
oi_10814.jpg,160062285,
oi_10815.jpg,160046755,
oi_1082.jpg,3895143 A 16,
oi_1083.jpg,3891964 A 16,
oi_10842.jpg,29834507,
oi_10843.jpg,150783025,
oi_10869.jpg,4572853 A 16,
oi_10870.jpg,4155871 A 16,
oi_10875.jpg,3981139 A 16,
oi_10876.jpg,220421500,
oi_1088.jpg,150654731,
oi_10882.jpg,16-433151,
oi_10883.jpg,16-448444,
oi_1090.jpg,150772780,
oi_10901.jpg,14 1004423,
oi_10904.jpg,13 1033438,
oi_10905.jpg,13 1112791,
oi_10910.jpg,160292033,
oi_10912.jpg,160157264,
oi_1092.jpg,8411570 16,
oi_10924.jpg,220390719,
oi_10925.jpg,220380354,
oi_10929.jpg,7564710 15,
oi_1093.jpg,8915921 16,
oi_10932.jpg,27710015,
oi_10934.jpg,27692755,
oi_10939.jpg,14 0033868,
oi_10942.jpg,11849044,
oi_10948.jpg,8564902 16,
oi_10949.jpg,8601705 16,
oi_10959.jpg,0623944,
oi_10960.jpg,0621495,
oi_10965.jpg,220376115,
oi_10967.jpg,220390007,
oi_10971.jpg,2010 1974119,
oi_10972.jpg,2010 2022094,
oi_10978.jpg,220383875,
oi_1098.jpg,200906013661,
oi_10981.jpg,160156177,
oi_10984.jpg,220372511,
oi_10985.jpg,220392234,
oi_1099.jpg,200909014401,
oi_11008.jpg,220059620,
oi_11009.jpg,220175291,
oi_11014.jpg,8549555 16,
oi_11017.jpg,10-0391445,
oi_11035.jpg,22-373945,
oi_11040.jpg,160122911,
oi_11041.jpg,160154416,
oi_11047.jpg,160115630,
oi_11048.jpg,160075866,
oi_1105.jpg,150815699,
oi_11070.jpg,22-373819,
oi_1108.jpg,16-111676,
oi_1109.jpg,16-086948,
oi_11091.jpg,1145009 A 14,
oi_11094.jpg,27719385,
oi_11097.jpg,3861590 A 16,
oi_111.jpg,08 8014560,
oi_11101.jpg,10 491276,
oi_11104.jpg,0638812,
oi_11105.jpg,3822635 A 16,
oi_11123.jpg,220488607,
oi_11130.jpg,220454177,
oi_11142.jpg,220278340,
oi_1115.jpg,M 0236967 10,
oi_11163.jpg,10 078315,
oi_11167.jpg,220511703,
oi_11167_1.jpg,11 137891,
oi_11170.jpg,17-181931,
oi_11171.jpg,16-140008,
oi_11176.jpg,10 387291,
oi_11178.jpg,10 386949,
oi_1118.jpg,15 0000179,
oi_11201.jpg,11 897664,
oi_11202.jpg,11 943160,
oi_1121.jpg,14 0386610,
oi_11210.jpg,2010 2337328,
oi_11211.jpg,220374106,
oi_1122.jpg,14 0435794,
oi_1123.jpg,#,
oi_11230.jpg,220371368,
oi_11231.jpg,220384361,
oi_11232.jpg,220379320,
oi_11236.jpg,220344240,
oi_1124.jpg,24046146,
oi_11243.jpg,220373493,
oi_1125.jpg,25411867,
oi_11293.jpg,M 0216684 10,
oi_11301.jpg,220323588,
oi_11306.jpg,220383338,
oi_1136.jpg,150407751,
oi_11386.jpg,220459890,
oi_1139.jpg,150732549,
oi_1140.jpg,10 205122,
oi_11416.jpg,8659257 16,
oi_11417.jpg,8644894 16,
oi_11423.jpg,8420546 16,
oi_11426.jpg,8648802 16,
oi_11442.jpg,141011892,
oi_1145.jpg,13 0707400,
oi_11460.jpg,27882567,
oi_11463.jpg,160179703,
oi_11464.jpg,160180694,
oi_11476.jpg,3175236 A 15,
oi_1149.jpg,13 0738053,
oi_11491.jpg,08 172371,
oi_11494.jpg,28279826,
oi_11495.jpg,27796834,
oi_11501.jpg,160039743,
oi_11502.jpg,160105028,
oi_11510.jpg,12 1036267,
oi_1152.jpg,150763344,
oi_11520.jpg,11 604540,
oi_1153.jpg,150540754,
oi_11546.jpg,220398686,
oi_11551.jpg,220529912,
oi_11556.jpg,8581690 16,
oi_11559.jpg,160028488,
oi_11560.jpg,150746175,
oi_11565.jpg,4654423 A 16,
oi_1157.jpg,3509565 A 16,
oi_1159.jpg,H 2364514 10,
oi_11632.jpg,150452868,
oi_11638.jpg,220420371,
oi_11639.jpg,150370817,
oi_11657.jpg,220534047,
oi_11668.jpg,220569113,
oi_11671.jpg,220533842,
oi_11679.jpg,220550768,
oi_1169.jpg,6 0022069,
oi_11695.jpg,6 0007721,
oi_11714.jpg,160258238,
oi_11715.jpg,160282164,
oi_1172.jpg,#,
oi_1173.jpg,7809464 15,
oi_1174.jpg,150570050,
oi_1175.jpg,150560978,
oi_11772.jpg,10 119107,
oi_11780.jpg,220328507,
oi_11784.jpg,10 119241,
oi_11837.jpg,3894961 A 16,
oi_11845.jpg,02/320994,
oi_11845_1.jpg,02/29982,
oi_11848.jpg,3894961 A 16,
oi_11848_1.jpg,4033911 A 16,
oi_1185.jpg,15 0265727,
oi_1186.jpg,201010000341,
oi_1189.jpg,15 0138572,
oi_1190.jpg,15 0135009,
oi_1195.jpg,6 0071782,
oi_1196.jpg,160098632,
oi_11960.jpg,0675152,
oi_11961.jpg,0675141,
oi_11968.jpg,160314012,
oi_11970.jpg,14 0965308,
oi_11981.jpg,14 0959637,
oi_12037.jpg,25468518,
oi_12061.jpg,10 430575,
oi_12070.jpg,9471357 17,
oi_12081.jpg,9490171 17,
oi_12090.jpg,25647660,
oi_12093.jpg,140606016,
oi_12094.jpg,140604754,
oi_12108.jpg,2766147 A 15,
oi_1211.jpg,150593886,
oi_12116.jpg,0083109 H 16,
oi_12116_1.jpg,12 226793,
oi_12119.jpg,1146731,
oi_1212.jpg,150593408,
oi_12121.jpg,1310166,
oi_12128.jpg,150541224,
oi_1213.jpg,15 0245712,
oi_1214.jpg,15 0245717,
oi_12143.jpg,2010 1154352,
oi_12144.jpg,2010 1177777,
oi_12145.jpg,14 0083486,
oi_12146.jpg,14 0036713,
oi_12151.jpg,25244602,
oi_12159.jpg,8090358 16,
oi_12160.jpg,8102049 16,
oi_12174.jpg,603914-12,
oi_12175.jpg,11 673682,
oi_12175_1.jpg,11 605052,
oi_12189.jpg,4086828 A 16,
oi_1219.jpg,K 0466561 13,
oi_12190.jpg,3864552 A 16,
oi_12195.jpg,150173696,
oi_12196.jpg,150158605,
oi_1220.jpg,150759005,
oi_12201.jpg,150125454,
oi_12202.jpg,150190077,
oi_12210.jpg,150086335,
oi_12211.jpg,150342063,
oi_12211_1.jpg,250086335,
oi_12216.jpg,2010 1605656,
oi_12219.jpg,508194,
oi_1223.jpg,150646745,
oi_12232.jpg,3912653 19,
oi_12233.jpg,#,
oi_12238.jpg,8251640 16,
oi_1224.jpg,150607751,
oi_12241.jpg,140748373,
oi_12245.jpg,4077023 A 16,
oi_12255.jpg,4086688 A 16,
oi_12256.jpg,4072008 A 16,
oi_12266.jpg,160084865,
oi_12269.jpg,844225-13,
oi_1227.jpg,0965063 C 12,
oi_12270.jpg,708763-12,
oi_12276.jpg,4044443 A 16,
oi_12277.jpg,3979393 A 16,
oi_12282.jpg,16-292333,
oi_12283.jpg,16-231854,
oi_12293.jpg,C4271740 12,
oi_12294.jpg,OA 1286475 12,
oi_1230.jpg,K 0466575 13,
oi_12300.jpg,3870907 A 16,
oi_1231.jpg,6 0024120,
oi_12319.jpg,16210770,
oi_12321.jpg,009263314,
oi_12330.jpg,201004027010,
oi_12334.jpg,25356212,
oi_12335.jpg,24044953,
oi_1234.jpg,25234781,
oi_12345.jpg,#,
oi_12348.jpg,220322930,
oi_12348_1.jpg,533914-12,
oi_12351.jpg,14 0436320,
oi_12361.jpg,160093071,
oi_12365.jpg,220296296,
oi_12366.jpg,220262934,
oi_1237.jpg,2042312 15,
oi_12370.jpg,2010 1585454,
oi_12373.jpg,150143085,
oi_12373_1.jpg,1601598**,
oi_12374.jpg,150159866,
oi_1238.jpg,2047479 15,
oi_12389.jpg,049576615,
oi_12390.jpg,049155715,
oi_12400.jpg,#,
oi_12400_1.jpg,150746505,
oi_12401.jpg,150747663,
oi_12415.jpg,140885836,
oi_12418.jpg,2097305,
oi_12421.jpg,6 0049856,
oi_12426.jpg,6 0125288,
oi_12454.jpg,13 633924,
oi_12457.jpg,E 3106538 11,
oi_12458.jpg,13 162381,
oi_12463.jpg,M 0179719 10,
oi_12467.jpg,3384068 A 15,
oi_1247.jpg,150813530,
oi_12470.jpg,037648915,
oi_12471.jpg,037833615,
oi_12477.jpg,0403898,
oi_12478.jpg,0396157,
oi_12496.jpg,0452133,
oi_12498.jpg,0465128,
oi_12503.jpg,160011828,
oi_12504.jpg,160012552,
oi_12510.jpg,849780116,
oi_12532.jpg,12 444980,
oi_12535.jpg,27836137,
oi_12536.jpg,27905726,
oi_1255.jpg,150588250,
oi_12568.jpg,140748107,
oi_12569.jpg,140761635,
oi_12574.jpg,160101364,
oi_12575.jpg,150515946,
oi_1258.jpg,14 1005806,
oi_1261.jpg,12025553,
oi_12646.jpg,220234130,
oi_12647.jpg,220200647,
oi_12667.jpg,160102709,
oi_12668.jpg,160077540,
oi_12669.jpg,160115735,
oi_12670.jpg,160085491,
oi_12683.jpg,12 989134,
oi_1269.jpg,11 1018231,
oi_12710.jpg,054259215,
oi_12713.jpg,6485720,
oi_12713_1.jpg,0467359,
oi_12714.jpg,0465720,
oi_1272.jpg,539434/12,
oi_12733.jpg,7890995 15,
oi_12736.jpg,150437410,
oi_12738.jpg,150685613,
oi_12743.jpg,819514/12,
oi_12746.jpg,160173622,
oi_12747.jpg,160176418,
oi_12754.jpg,160091891,
oi_12755.jpg,160127130,
oi_1276.jpg,12-1764816,
oi_12763.jpg,10 585028,
oi_12768.jpg,8770401 16,
oi_12769.jpg,8751622 16,
oi_12775.jpg,0635763,
oi_12776.jpg,0543520,
oi_12777.jpg,0635786,
oi_12778.jpg,0627240,
oi_12788.jpg,15 0207208,
oi_12789.jpg,220398949,
oi_1279.jpg,8173204 16,
oi_12795.jpg,160232134,
oi_12795_1.jpg,180138402,
oi_12798.jpg,14 0348445,
oi_1280.jpg,8174220 16,
oi_12817.jpg,3473901 A 16,
oi_12818.jpg,3641505 A 16,
oi_12819.jpg,3641239 A 16,
oi_12820.jpg,3858425 A 16,
oi_12821.jpg,3655477 A 16,
oi_12831.jpg,14 1023138,
oi_12832.jpg,154007785,
oi_12838.jpg,220381358,
oi_12839.jpg,3215361 A 15,
oi_1285.jpg,6 0022003,
oi_1286.jpg,16-029975,
oi_12881.jpg,08 190180,
oi_12885.jpg,150226791,
oi_12886.jpg,150363511,
oi_1289.jpg,390476/13,
oi_12891.jpg,6 0224808,
oi_12903.jpg,220544654,
oi_1292.jpg,13 0847479,
oi_12948.jpg,150541895,
oi_12949.jpg,150346030,
oi_1295.jpg,4666751,
oi_12954.jpg,160089927,
oi_12955.jpg,160098546,
oi_12961.jpg,C1654658 10,
oi_1297.jpg,16-019660,
oi_12978.jpg,17-058824,
oi_12979.jpg,17-085664,
oi_12980.jpg,17-058645,
oi_12982.jpg,17-085675,
oi_12997.jpg,17-000319,
oi_13002.jpg,13 1081080,
oi_13008.jpg,17-018877,
oi_13013.jpg,2010 2120505,
oi_13015.jpg,140864412,
oi_13023.jpg,8910600 16,
oi_13024.jpg,8850516 16,
oi_13033.jpg,4689690 A 16,
oi_13034.jpg,4882548 A 16,
oi_13036.jpg,26883323,
oi_13043.jpg,160373117,
oi_13047.jpg,160020475,
oi_13049.jpg,0102180017,
oi_13050.jpg,8759655 16,
oi_13058.jpg,160021820,
oi_13059.jpg,14 0075076,
oi_13064.jpg,160267036,
oi_13065.jpg,160267175,
oi_13069.jpg,160018961,
oi_1307.jpg,7924634 15,
oi_13074.jpg,160386844,
oi_13075.jpg,160387389,
oi_13085.jpg,5001190 A 16,
oi_13086.jpg,3936562 A 16,
oi_1309.jpg,7929718 15,
oi_13091.jpg,160370443,
oi_13093.jpg,160374161,
oi_13098.jpg,0155599 H 16,
oi_13104.jpg,11 945331,
oi_13105.jpg,11 946925,
oi_13110.jpg,1015028629002,
oi_13120.jpg,8940137 16,
oi_13121.jpg,160294373,
oi_13127.jpg,7 0045086,
oi_13132.jpg,160237361,
oi_13133.jpg,160282342,
oi_13139.jpg,8160825 16,
oi_1314.jpg,14 0130025,
oi_13144.jpg,8823064 16,
oi_13150.jpg,7 0003022,
oi_13151.jpg,7 0003032,
oi_13156.jpg,17-018795,
oi_13162.jpg,60000044,
oi_13163.jpg,60001773,
oi_13168.jpg,13 0828489,
oi_1317.jpg,6 0042826,
oi_13174.jpg,13 0995682,
oi_13175.jpg,13 1015414,
oi_13181.jpg,8841241 16,
oi_13182.jpg,8752982 16,
oi_13187.jpg,8885095 16,
oi_13188.jpg,8872420 16,
oi_13195.jpg,60003387,
oi_13200.jpg,7 0023529,
oi_13201.jpg,7 0023539,
oi_1321.jpg,24043739,
oi_13210.jpg,10 473442,
oi_13216.jpg,1014046086408,
oi_1322.jpg,160026073,
oi_13222.jpg,8958223 16,
oi_13225.jpg,11 769362,
oi_13228.jpg,11 139843,
oi_13229.jpg,140954856,
oi_13234.jpg,6 0272065,
oi_13235.jpg,632545-14,
oi_13244.jpg,7 0089704,
oi_13250.jpg,17-162238,
oi_13251.jpg,17-162311,
oi_13260.jpg,17-131862,
oi_13265.jpg,8882703 16,
oi_13266.jpg,8835357 16,
oi_1327.jpg,13 1131551,
oi_13279.jpg,10 530081,
oi_13281.jpg,10 549905,
oi_13282.jpg,29941073,
oi_13287.jpg,8789358 16,
oi_13288.jpg,8934029 16,
oi_13289.jpg,8846855 16,
oi_13290.jpg,8943567 16,
oi_13291.jpg,150682576,
oi_13307.jpg,141027799,
oi_1331.jpg,8495725 16,
oi_13312.jpg,245720/11,
oi_13313.jpg,496319/11,
oi_13319.jpg,140766071,
oi_1332.jpg,8480837 16,
oi_13324.jpg,567539,
oi_13331.jpg,14 0182927,
oi_13332.jpg,14 0175090,
oi_13341.jpg,30784551,
oi_13342.jpg,30204553,
oi_13348.jpg,160229788,
oi_13353.jpg,8967424 16,
oi_13358.jpg,8330352 16,
oi_13359.jpg,7 0054132,
oi_13360.jpg,0091480,
oi_13361.jpg,7 0054137,
oi_13362.jpg,7 0054128,
oi_1337.jpg,14 0178188,
oi_13377.jpg,8948253 16,
oi_13378.jpg,8957054 16,
oi_1338.jpg,14 0155881,
oi_13384.jpg,0848917 A 14,
oi_13384_1.jpg,36745,
oi_13389.jpg,0659420,
oi_13395.jpg,141201672,
oi_13400.jpg,160396231,
oi_13406.jpg,7 0013463,
oi_13411.jpg,10 685482,
oi_13412.jpg,10 728388,
oi_13414.jpg,150515560,
oi_13415.jpg,10 657085,
oi_13416.jpg,10 753566,
oi_13425.jpg,4074154 A 16,
oi_13425_1.jpg,12 087103,
oi_13431.jpg,14 0568371,
oi_13432.jpg,14 0550304,
oi_13438.jpg,17-062611,
oi_1344.jpg,13 1072424,
oi_13443.jpg,15 0127399,
oi_13449.jpg,8873977 16,
oi_13450.jpg,8889235 16,
oi_13459.jpg,0134426 H 16,
oi_13464.jpg,0421419,
oi_13465.jpg,0405028,
oi_1347.jpg,16-351546,
oi_13471.jpg,8893403 16,
oi_13472.jpg,8910256 16,
oi_13481.jpg,160391070,
oi_13486.jpg,154008892,
oi_13487.jpg,15401305,
oi_13491.jpg,8276788 16,
oi_13493.jpg,30105871,
oi_13494.jpg,28787338,
oi_13499.jpg,154012901,
oi_13505.jpg,8846228 16,
oi_13506.jpg,8908875 16,
oi_13511.jpg,8894299 16,
oi_13518.jpg,160397660,
oi_13519.jpg,160250454,
oi_1352.jpg,C3262232 11,
oi_13520.jpg,160402194,
oi_13521.jpg,160322396,
oi_13525.jpg,150720598,
oi_1353.jpg,150140123,
oi_13530.jpg,5117641 A 16,
oi_13532.jpg,5091652 A 16,
oi_13533.jpg,154015535,
oi_1354.jpg,150261943,
oi_13542.jpg,8947939 16,
oi_13547.jpg,16-260292,
oi_13548.jpg,8850916 16,
oi_13549.jpg,8824105 16,
oi_13549_1.jpg,8850916 16,
oi_1355.jpg,150215485,
oi_13554.jpg,8917094 16,
oi_13555.jpg,8911822 16,
oi_13561.jpg,7 0023878,
oi_13566.jpg,154009227,
oi_13572.jpg,8805410 16,
oi_13573.jpg,8874523 16,
oi_13574.jpg,8779541 16,
oi_13575.jpg,8876542 16,
oi_13584.jpg,12 583231,
oi_13589.jpg,11 545479,
oi_13595.jpg,10809997,
oi_1360.jpg,150812962,
oi_13600.jpg,220529994,
oi_13605.jpg,61004641,
oi_13606.jpg,60000331,
oi_13607.jpg,60006649,
oi_1361.jpg,150812962,
oi_13613.jpg,12-1514490,
oi_13619.jpg,141232525,
oi_1361_1.jpg,150794647,
oi_13625.jpg,160051637,
oi_13626.jpg,150744389,
oi_13636.jpg,11 630646,
oi_1364.jpg,C3011891 11,
oi_13644.jpg,14 0012764,
oi_13657.jpg,#,
oi_13658.jpg,8276641 16,
oi_13659.jpg,150601952,
oi_13660.jpg,150503354,
oi_13669.jpg,150784163,
oi_1367.jpg,13 178916,
oi_13670.jpg,150779460,
oi_13678.jpg,150750277,
oi_13679.jpg,150573119,
oi_13685.jpg,26990212,
oi_13688.jpg,8200130 16,
oi_13692.jpg,15-240482,
oi_13693.jpg,15-052951,
oi_13694.jpg,15-027786,
oi_13695.jpg,15-241485,
oi_13696.jpg,15-027782,
oi_13697.jpg,15-240494,
oi_13699.jpg,8200566 16,
oi_1370.jpg,6 0031679,
oi_1371.jpg,6 0031668,
oi_13720.jpg,150767942,
oi_13722.jpg,150503090,
oi_13728.jpg,27277196,
oi_13735.jpg,150590620,
oi_13741.jpg,103559514,
oi_13748.jpg,3987217 A 16,
oi_13749.jpg,4033127 A 16,
oi_13749_1.jpg,3986632 A 16,
oi_13750.jpg,3986632 A 16,
oi_13762.jpg,8273282 16,
oi_13763.jpg,8297542 16,
oi_13764.jpg,8272981 16,
oi_1377.jpg,15 0000565,
oi_13774.jpg,8285410 16,
oi_13775.jpg,8323644 16,
oi_13782.jpg,3681991 A 16,
oi_13783.jpg,3692983 A 16,
oi_13791.jpg,150758031,
oi_13796.jpg,16-225765,
oi_13797.jpg,16-279633,
oi_1380.jpg,6 0163809,
oi_13806.jpg,13 1004907,
oi_13807.jpg,9776554 18,
oi_13816.jpg,14 0521953,
oi_13822.jpg,14 0511130,
oi_13823.jpg,14 0523380,
oi_1383.jpg,14 0550632,
oi_13831.jpg,150655276,
oi_13832.jpg,14 0081537,
oi_13843.jpg,14 0289383,
oi_13848.jpg,8189394 16,
oi_13853.jpg,8719331 16,
oi_13855.jpg,16-227670,
oi_13863.jpg,12 289400,
oi_13869.jpg,13 0946495,
oi_1387.jpg,13 1102326,
oi_13874.jpg,14 0176020,
oi_13875.jpg,14 0174489,
oi_13884.jpg,15 0263672,
oi_13885.jpg,200386344,
oi_13893.jpg,51002167,
oi_13894.jpg,15 1003178,
oi_1390.jpg,15 0247454,
oi_13904.jpg,16-160486,
oi_13909.jpg,160108137,
oi_13911.jpg,160094808,
oi_13912.jpg,160093123,
oi_13921.jpg,15 0267815,
oi_13924.jpg,13 0456803,
oi_13929.jpg,14 0171517,
oi_1393.jpg,12 590530,
oi_13932.jpg,15 0139697,
oi_13935.jpg,14 0592361,
oi_13936.jpg,14 0592365,
oi_13945.jpg,11 829667,
oi_13950.jpg,0465562,
oi_13956.jpg,0465583,
oi_1396.jpg,15-740826,
oi_13961.jpg,13 272392,
oi_13961_1.jpg,13 3056,
oi_13967.jpg,201404023228,
oi_13972.jpg,4245545 A 16,
oi_13973.jpg,4245545 A 16,
oi_13973_1.jpg,4468110 A 16,
oi_13974.jpg,4476444 A 16,
oi_13975.jpg,4476465 A 16,
oi_13991.jpg,11 987769,
oi_13992.jpg,11 988775,
oi_13993.jpg,11 1012004,
oi_13994.jpg,11 998995,
oi_1400.jpg,150771455,
oi_14009.jpg,13 0438711,
oi_14011.jpg,14 0485777,
oi_14016.jpg,160214023,
oi_14017.jpg,160216493,
oi_14026.jpg,140604029,
oi_1403.jpg,7 0103747,
oi_14031.jpg,14 0034538,
oi_14037.jpg,15 0207597,
oi_1404.jpg,7 0099738,
oi_14044.jpg,0464503,
oi_14045.jpg,0464511,
oi_14053.jpg,14 0034599,
oi_14055.jpg,14 0075170,
oi_14063.jpg,150811106,
oi_14064.jpg,150808283,
oi_14073.jpg,16-377785,
oi_14074.jpg,16-377349,
oi_14083.jpg,150540766,
oi_14084.jpg,8325110 16,
oi_14087.jpg,150638956,
oi_14093.jpg,160044332,
oi_14094.jpg,160009182,
oi_14098.jpg,150638263,
oi_1410.jpg,8117331 16,
oi_14103.jpg,150594132,
oi_14104.jpg,150594147,
oi_14113.jpg,8329101 16,
oi_14118.jpg,047637515,
oi_14119.jpg,220250821,
oi_14127.jpg,14 0225441,
oi_1413.jpg,13 313865,
oi_14133.jpg,16-285369,
oi_14134.jpg,16-128420,
oi_1414.jpg,14 0978424,
oi_14142.jpg,140746028,
oi_14148.jpg,1056357 A 14,
oi_14153.jpg,8177188 16,
oi_14155.jpg,8177966 16,
oi_14163.jpg,035901915,
oi_14163_1.jpg,0359019,
oi_14164.jpg,035213915,
oi_14166.jpg,035639415,
oi_14167.jpg,035398215,
oi_14176.jpg,150514442,
oi_14182.jpg,8469816 16,
oi_14187.jpg,150619725,
oi_14188.jpg,220381129,
oi_1419.jpg,150597752,
oi_14190.jpg,220366917,
oi_14192.jpg,220380556,
oi_14194.jpg,220289556,
oi_1420.jpg,13 1108782,
oi_14202.jpg,13 643642,
oi_14207.jpg,12 121530,
oi_14213.jpg,09 232765,
oi_14214.jpg,14 0534425,
oi_14223.jpg,8241328 16,
oi_14228.jpg,13 0873184,
oi_1423.jpg,14 0142253,
oi_14232.jpg,15 0129420,
oi_14235.jpg,160123836,
oi_14235_1.jpg,12 144680,
oi_14240.jpg,16-292218,
oi_14240_1.jpg,5662715,
oi_14246.jpg,6 0167993,
oi_14251.jpg,#,
oi_14251_1.jpg,#,
oi_14257.jpg,150782298,
oi_1426.jpg,14 0352511,
oi_14262.jpg,8181628 16,
oi_14263.jpg,8167408 16,
oi_14265.jpg,4064249 A 16,
oi_14272.jpg,160142887,
oi_14273.jpg,14 0174178,
oi_14274.jpg,14 0145576,
oi_14275.jpg,160143833,
oi_14276.jpg,4070274 A 16,
oi_14287.jpg,14 0011189,
oi_1429.jpg,150595703,
oi_14291.jpg,3093090 A 15,
oi_14296.jpg,7919730 15,
oi_14297.jpg,7884636 15,
oi_14298.jpg,10 038130,
oi_14306.jpg,0609678,
oi_14309.jpg,16 031114,
oi_14312.jpg,27000008,
oi_14313.jpg,26630205,
oi_14314.jpg,27000103,
oi_14326.jpg,160026297,
oi_14327.jpg,160049239,
oi_14336.jpg,150419801,
oi_14337.jpg,150433607,
oi_1434.jpg,14 0212141,
oi_14343.jpg,#,
oi_14345.jpg,160012179,
oi_14346.jpg,150758979,
oi_14355.jpg,13 1135433,
oi_14360.jpg,8262684 16,
oi_14361.jpg,8269247 16,
oi_14362.jpg,8265573 16,
oi_14363.jpg,8271715 16,
oi_14379.jpg,11 484464,
oi_1438.jpg,8487006 16,
oi_14384.jpg,14 0482591,
oi_14385.jpg,14 0482802,
oi_14397.jpg,150658550,
oi_14399.jpg,150656100,
oi_14399_1.jpg,15065855,
oi_144.jpg,6 0041369,
oi_14407.jpg,14 0297879,
oi_1441.jpg,16-261572,
oi_14413.jpg,160146310,
oi_14414.jpg,14 0187540,
oi_14423.jpg,3979709 A 16,
oi_14428.jpg,13 1031913,
oi_14431.jpg,3095856 A 15,
oi_14431_1.jpg,1170150,
oi_14434.jpg,150677974,
oi_14435.jpg,150678448,
oi_14436.jpg,150686975,
oi_14437.jpg,150666649,
oi_1444.jpg,150380709,
oi_14452.jpg,10 453994,
oi_14459.jpg,14 080242,
oi_14466.jpg,10 577532,
oi_1447.jpg,140631452,
oi_14472.jpg,150678276,
oi_14473.jpg,150673405,
oi_14480.jpg,00,
oi_14481.jpg,10 054940,
oi_14482.jpg,10 271772,
oi_14483.jpg,10 160402,
oi_14492.jpg,14 0073650,
oi_14499.jpg,2011 3153697,
oi_14505.jpg,10 171337,
oi_14506.jpg,150337206,
oi_1451.jpg,11-0496061,
oi_14513.jpg,160137425,
oi_14514.jpg,160140642,
oi_14521.jpg,7869884 15,
oi_14522.jpg,7957043 15,
oi_14523.jpg,8046234 16,
oi_14524.jpg,8040148 16,
oi_14539.jpg,10 272856,
oi_1454.jpg,14 0485275,
oi_14542.jpg,3714237 A 16,
oi_14545.jpg,M 0209001 10,
oi_14550.jpg,150481246,
oi_14551.jpg,150498420,
oi_14553.jpg,1717893 A 15,
oi_14558.jpg,16-353141,
oi_14566.jpg,329409,
oi_1457.jpg,150209419,
oi_14572.jpg,8228434 16,
oi_14573.jpg,8228085 16,
oi_1458.jpg,150123516,
oi_14580.jpg,09 7707509,
oi_14581.jpg,09 8083326,
oi_14590.jpg,27277125,
oi_14595.jpg,160172206,
oi_1460.jpg,150162965,
oi_14601.jpg,4348258 A 16,
oi_14602.jpg,2350007 A 15,
oi_14611.jpg,14 0017663,1
oi_14612.jpg,160147086,
oi_14621.jpg,160122206,
oi_14626.jpg,16755557,
oi_14632.jpg,16-374009,
oi_14637.jpg,160143952,
oi_14643.jpg,5009321,
oi_14644.jpg,14 0564509,
oi_1465.jpg,220309529,
oi_14652.jpg,10 201350,
oi_14654.jpg,14 0343752,
oi_14655.jpg,10 260489,
oi_14656.jpg,14 0320166,
oi_1466.jpg,220379609,
oi_14665.jpg,8193251 16,
oi_14666.jpg,8214553 16,
oi_14672.jpg,3709365 A 16,
oi_14673.jpg,3708338 A 16,
oi_14674.jpg,8279802 16,
oi_14677.jpg,BC 1059494,
oi_14687.jpg,14 0535136,
oi_14688.jpg,8101961 16,
oi_14694.jpg,826262* 16,
oi_14695.jpg,8265571 16,
oi_14699.jpg,8101589 16,
oi_1470.jpg,160620545,
oi_14702.jpg,06 7114034,
oi_14708.jpg,170957742,
oi_14709.jpg,170972073,
oi_14710.jpg,25716993,
oi_14716.jpg,14 0233758,
oi_14723.jpg,160207889,
oi_14728.jpg,160118269,
oi_14734.jpg,160109632,
oi_14735.jpg,160083811,
oi_1474.jpg,140599114,
oi_14741.jpg,8560950 16,
oi_14748.jpg,6351905 16,
oi_14755.jpg,8469429 16,
oi_14756.jpg,8480436 16,
oi_14756_1.jpg,8469429 16,
oi_14757.jpg,8475072 16,
oi_14758.jpg,8477694 16,
oi_14768.jpg,4463736 A 16,
oi_1477.jpg,10700880,
oi_14774.jpg,8200462 16,
oi_14781.jpg,160169163,
oi_14789.jpg,160118081,
oi_14790.jpg,160155459,
oi_14791.jpg,160062513,
oi_14792.jpg,160056491,
oi_1480.jpg,554996-14,
oi_14802.jpg,14 0165489,
oi_14803.jpg,13 1057066,
oi_14804.jpg,14 0028476,
oi_14805.jpg,14 0084287,
oi_14815.jpg,8088701 16,
oi_14816.jpg,8080317 16,
oi_14817.jpg,8093467 16,
oi_14818.jpg,7919358 15,
oi_1482.jpg,14 0433912,
oi_14828.jpg,323193,
oi_14829.jpg,13-33899,
oi_14830.jpg,15-299731,
oi_14831.jpg,15-338712,
oi_1484.jpg,23400274,
oi_14841.jpg,9113446,
oi_14843.jpg,14 0087326,
oi_14848.jpg,06-30865,
oi_1485.jpg,25411283,
oi_14852.jpg,03-108349/MA,
oi_14854.jpg,14 0026658,
oi_14855.jpg,14 0038922,
oi_14856.jpg,14 0073568,
oi_1486.jpg,26405915,
oi_14862.jpg,16-265452,
oi_14865.jpg,7927803 15,
oi_14869.jpg,14 0484955,
oi_14875.jpg,13 0987038,
oi_14876.jpg,7917337 15,
oi_14882.jpg,160058429,
oi_14888.jpg,6 0099131,
oi_14889.jpg,6 0056760,
oi_14897.jpg,27568970,
oi_14900.jpg,141010101,
oi_14917.jpg,13 0272410,
oi_14923.jpg,691774-12,
oi_14924.jpg,1890359 A 22,
oi_14930.jpg,8259796 16,
oi_14936.jpg,160140760,
oi_14937.jpg,160137872,
oi_14938.jpg,160134653,
oi_14939.jpg,160127969,
oi_1494.jpg,1014028067609,
oi_14955.jpg,27844864,
oi_14956.jpg,27904222,
oi_14957.jpg,27844860,
oi_14958.jpg,26516378,
oi_1497.jpg,14 0333736,
oi_14973.jpg,160096185,
oi_14976.jpg,8305778 16,
oi_14979.jpg,8278512 16,
oi_14980.jpg,8307008 16,
oi_14989.jpg,14 0009980,
oi_14994.jpg,140790099,
oi_1500.jpg,220294834,
oi_15001.jpg,160137083,
oi_15007.jpg,160142408,
oi_15015.jpg,7451296 15,
oi_15022.jpg,0464799,
oi_15028.jpg,160060543,
oi_15029.jpg,160070016,
oi_1503.jpg,13 0684658,
oi_15030.jpg,160056803,
oi_15031.jpg,160075780,
oi_15047.jpg,160135867,
oi_15048.jpg,160137932,
oi_15057.jpg,150675371,
oi_15063.jpg,8544097 16,
oi_15064.jpg,8560924 16,
oi_15066.jpg,8509215 16,
oi_15067.jpg,8548892 16,
oi_1507.jpg,3997958 A 16,
oi_15076.jpg,5 0202976,
oi_15082.jpg,14 0030249,
oi_15089.jpg,140845895,
oi_15094.jpg,8085125 16,
oi_1510.jpg,8142364 16,
oi_15101.jpg,150604820,
oi_15102.jpg,150459057,
oi_1511.jpg,#,
oi_15111.jpg,6 0166454,
oi_15116.jpg,140738893,
oi_15120.jpg,4203700 A 16,
oi_15124.jpg,160103947,
oi_15125.jpg,160039560,
oi_15131.jpg,10-0254615,
oi_15133.jpg,10-0403115,
oi_15139.jpg,3186398 A 15,
oi_15140.jpg,4323440 A 16,
oi_15147.jpg,8282372 16,
oi_15148.jpg,219274 16,
oi_1515.jpg,14 0168517,
oi_15155.jpg,10 . 071974,
oi_15160.jpg,0467809,
oi_15161.jpg,13698181,
oi_1517.jpg,15 0002300,
oi_15170.jpg,16-364336,
oi_15171.jpg,16-404899,
oi_15178.jpg,4314449 A 16,
oi_15184.jpg,140740875,
oi_15187.jpg,1505053200,
oi_15190.jpg,16-366931,
oi_15195.jpg,160109152,
oi_1520.jpg,160014613,
oi_15202.jpg,160066471,
oi_15207.jpg,4661140 A 16,
oi_15208.jpg,4650391 A 16,
oi_15215.jpg,8824657 16,
oi_15216.jpg,8847920 16,
oi_15223.jpg,160055905,
oi_15224.jpg,160058545,
oi_1523.jpg,160620538,
oi_15230.jpg,13 468311,
oi_15233.jpg,13 0854072,
oi_15244.jpg,14-094931,
oi_15245.jpg,11719443,
oi_15246.jpg,11683846,
oi_15255.jpg,053957615,
oi_15260.jpg,13 633271,
oi_15265.jpg,15 0351421,
oi_15267.jpg,13272860,
oi_1527.jpg,3980300 A 16,
oi_15273.jpg,6 0093360,
oi_15276.jpg,15 0317720,
oi_15280.jpg,14-0433643,
oi_15280_1.jpg,14-0433643,
oi_15280_2.jpg,14-0433643,
oi_15286.jpg,8471878 16,
oi_15293.jpg,29 7124630,
oi_15294.jpg,09 8082393,
oi_1530.jpg,220281154,
oi_15302.jpg,14 0549723,
oi_15308.jpg,8549822 16,
oi_15310.jpg,8551649 16,
oi_15316.jpg,160093009,
oi_15317.jpg,160143314,
oi_15324.jpg,150808267,
oi_15325.jpg,150677955,
oi_1533.jpg,13 1119671,
oi_15332.jpg,0100123787,
oi_15338.jpg,150139813,
oi_15339.jpg,150202291,
oi_15340.jpg,150249358,
oi_15341.jpg,150233862,
oi_15342.jpg,8247870 16,
oi_15352.jpg,C3825004 71,
oi_15353.jpg,4235305 A 16,
oi_15354.jpg,8252931 16,
oi_1536.jpg,10746645,
oi_15360.jpg,2010 1291862,
oi_15361.jpg,2010 1617819,
oi_15365.jpg,150604456,
oi_15370.jpg,13 270675,
oi_15375.jpg,14 0548226,
oi_15376.jpg,150648316,
oi_15377.jpg,14 0579130,
oi_15385.jpg,14 0349925,
oi_15386.jpg,14 0348583,
oi_15387.jpg,150669759,
oi_15395.jpg,160091529,
oi_15396.jpg,160104459,
oi_15398.jpg,150648779,
oi_1540.jpg,150648689,
oi_15405.jpg,13 0374968,
oi_15406.jpg,13 0374978,
oi_1541.jpg,150499250,
oi_15415.jpg,14 0203872,
oi_15421.jpg,27983164,
oi_15426.jpg,160076131,
oi_15432.jpg,26536732,
oi_15433.jpg,27845655,
oi_15441.jpg,150522895,
oi_15443.jpg,150430450,
oi_15449.jpg,0608254,
oi_15450.jpg,0608246,
oi_15458.jpg,160013145,
oi_15459.jpg,160009089,
oi_1546.jpg,14 0354806,
oi_15466.jpg,160135803,
oi_15467.jpg,160134459,
oi_15473.jpg,150778793,
oi_15479.jpg,150540723,
oi_1548.jpg,8060892 16,
oi_15480.jpg,150779368,
oi_15486.jpg,810841/10,
oi_15492.jpg,160088564,
oi_15498.jpg,9589813 17,
oi_1550.jpg,14 0146587,
oi_15501.jpg,6 0224935,
oi_15502.jpg,6 0228541,
oi_15508.jpg,254350,
oi_15509.jpg,9570781 17,
oi_1551.jpg,4 0130289,
oi_15515.jpg,11 412995,
oi_15522.jpg,14 0570319,
oi_15523.jpg,14 0540411,
oi_15529.jpg,160085102,
oi_15530.jpg,160060750,
oi_15532.jpg,160174167,
oi_15533.jpg,160174365,
oi_15543.jpg,220006457,
oi_15546.jpg,13 672893,
oi_15547.jpg,13 661356,
oi_15547_1.jpg,672893,
oi_15554.jpg,050413215,
oi_15555.jpg,3897990 A 16,
oi_1556.jpg,14 0385263,
oi_15561.jpg,16-404856,
oi_15569.jpg,0465711,
oi_15570.jpg,0467366,
oi_15571.jpg,0465701,
oi_15572.jpg,0467370,
oi_15576.jpg,157972/11,
oi_15582.jpg,4206215 A 16,
oi_15589.jpg,14 0203752,
oi_15590.jpg,14 0175813,
oi_15596.jpg,160076562,
oi_15596_1.jpg,160,
oi_15603.jpg,16-397201,
oi_15610.jpg,10 403672,
oi_15611.jpg,10 403904,
oi_15617.jpg,14 8398144,
oi_15624.jpg,8244975 16,
oi_15630.jpg,14 0343375,
oi_15637.jpg,160168419,
oi_15638.jpg,160170376,
oi_15639.jpg,160170312,
oi_1564.jpg,4202301 A 16,
oi_15640.jpg,160099820,
oi_15642.jpg,035560519,
oi_15650.jpg,6 0021876,
oi_15657.jpg,140718448,
oi_15663.jpg,9118659**,
oi_15665.jpg,8197574 16,
oi_15666.jpg,9071409 17,
oi_15667.jpg,8179606 16,
oi_1567.jpg,150001111,
oi_15678.jpg,150788521,
oi_15679.jpg,150787226,
oi_15685.jpg,6 0222227,
oi_15686.jpg,6 0222232,
oi_15688.jpg,6 0222239,
oi_15689.jpg,6 0222234,
oi_15699.jpg,16-216231,
oi_157.jpg,8563768 16,
oi_15700.jpg,16-279647,
oi_15701.jpg,16-217868,
oi_15702.jpg,16-265708,
oi_15709.jpg,2010 1508798,
oi_15712.jpg,8253214 16,
oi_15718.jpg,6 0218190,
oi_1572.jpg,160064647,
oi_15720.jpg,2010 1285591,
oi_15725.jpg,#,
oi_1573.jpg,160062704,
oi_15732.jpg,160007416,
oi_15738.jpg,4217044 A 16,
oi_15739.jpg,4210623 A 16,
oi_15746.jpg,16-190618,
oi_15752.jpg,160089411,
oi_15759.jpg,8457776 16,
oi_15767.jpg,16-226503,
oi_15768.jpg,16-279644,
oi_15777.jpg,15 0291970,
oi_15784.jpg,8551894 16,
oi_15785.jpg,8594024 16,
oi_15786.jpg,2010 1562874,
oi_15788.jpg,BC1037985,
oi_15789.jpg,8526762 16,
oi_15790.jpg,8528909 16,
oi_15799.jpg,14 0181009,
oi_1580.jpg,16-430752,
oi_15804.jpg,150578644,
oi_15805.jpg,150797226,
oi_15806.jpg,140621706,
oi_15807.jpg,220284923,
oi_1581.jpg,16-423124,
oi_15814.jpg,6 0218640,
oi_1582.jpg,15 0276930,
oi_15820.jpg,0630779,
oi_15822.jpg,0630780,
oi_15823.jpg,0608198,
oi_15833.jpg,11 482539,
oi_15839.jpg,5 0128728,
oi_15840.jpg,5 0129509,
oi_15847.jpg,054592515,
oi_15853.jpg,8054904 16,
oi_15860.jpg,8297595 16,
oi_15867.jpg,0463682,
oi_15868.jpg,0462796,
oi_1587.jpg,150517311,
oi_15874.jpg,14 0166366,
oi_15883.jpg,0100137807,
oi_15884.jpg,005146514,
oi_15887.jpg,7973589 15,
oi_15891.jpg,16-216236,
oi_15892.jpg,16-265119,
oi_15893.jpg,16-246797,
oi_15894.jpg,16-27966,
oi_15898.jpg,7882454 15,
oi_15899.jpg,8437972 16,
oi_1590.jpg,16-231660,
oi_15905.jpg,160119852,
oi_15906.jpg,160011745,
oi_15913.jpg,160075072,
oi_15914.jpg,160047896,
oi_15922.jpg,16-353152,
oi_15923.jpg,16-356185,
oi_15929.jpg,160094807,
oi_1593.jpg,15 0279764,
oi_15930.jpg,160138296,
oi_15937.jpg,4654792 A 16,
oi_1594.jpg,8240598 16,
oi_15942.jpg,140791431,
oi_15948.jpg,150758079,
oi_1595.jpg,8219310 16,
oi_15965.jpg,10 163714,
oi_15966.jpg,18-073888,
oi_15969.jpg,560930,
oi_15970.jpg,508631,
oi_15976.jpg,10 164154,
oi_15977.jpg,160144800,
oi_15978.jpg,160233338,
oi_15984.jpg,16-217695,
oi_15985.jpg,16-275822,
oi_15992.jpg,14 0009490,
oi_15999.jpg,0399993,
oi_1600.jpg,6 0186313,
oi_16000.jpg,0399998,
oi_16006.jpg,14 0428557,
oi_16007.jpg,14 0433090,
oi_16010.jpg,8032936 16,
oi_16016.jpg,150758635,
oi_16017.jpg,150759112,
oi_16024.jpg,16-249356,
oi_16025.jpg,16-270529,
oi_1603.jpg,8309326 16,
oi_16031.jpg,10 346868,
oi_16033.jpg,12 893392,
oi_16039.jpg,220065229,
oi_16042.jpg,8378775 16,
oi_16043.jpg,7979681 15,
oi_16048.jpg,160093736,
oi_16049.jpg,160109448,
oi_16054.jpg,7847632 15,
oi_16058.jpg,14 0289100,
oi_16063.jpg,154012797,
oi_1607.jpg,11-048145,
oi_16070.jpg,303476-16,
oi_16077.jpg,6 0254706,
oi_16078.jpg,0254706,
oi_16084.jpg,2011 3587430,
oi_16085.jpg,2011 3587273,
oi_16092.jpg,160157936,
oi_16093.jpg,140886175,
oi_16094.jpg,160177995,
oi_16095.jpg,140844416,
oi_16105.jpg,160166101,
oi_16112.jpg,8231784 16,
oi_16113.jpg,8181550 16,
oi_16119.jpg,6 0261114,
oi_16120.jpg,15 0260707,
oi_16121.jpg,8184550 16,
oi_16122.jpg,6 0257115,
oi_16128.jpg,16-375024,
oi_16129.jpg,16-402899,
oi_16132.jpg,0260707,
oi_16132_1.jpg,0707,
oi_16136.jpg,6 0268719,
oi_16137.jpg,6 0313730,
oi_1614.jpg,150517672,
oi_16143.jpg,15 0248678,
oi_16144.jpg,8618731 16,
oi_16145.jpg,8551861 16,
oi_16151.jpg,4426830 A 16,
oi_16152.jpg,4420822 A 16,
oi_16154.jpg,15 0289992,
oi_16159.jpg,27683009,
oi_1616.jpg,160014468,
oi_16160.jpg,26520973,
oi_16168.jpg,14 0431621,
oi_16169.jpg,14 0438867,
oi_16175.jpg,0400613,
oi_16182.jpg,8487805 16,
oi_16183.jpg,8481701 16,
oi_16190.jpg,14 0522249,
oi_16191.jpg,14 0521863,
oi_16197.jpg,150275688,
oi_16199.jpg,150041548,
oi_16205.jpg,14 0405763,
oi_1621.jpg,14 0030082,
oi_16211.jpg,0623943,
oi_16212.jpg,0630600,
oi_16221.jpg,0621497,
oi_16222.jpg,0621940,
oi_16230.jpg,160054627,
oi_16232.jpg,7983999 15,
oi_16233.jpg,160084590,
oi_16234.jpg,160087880,
oi_16234_1.jpg,160136343,
oi_16235.jpg,160136343,
oi_16235_1.jpg,160087880,
oi_1624.jpg,14 0510559,
oi_16245.jpg,160114531,
oi_16245_1.jpg,160,
oi_16246.jpg,160088085,
oi_16247.jpg,160224071,
oi_16248.jpg,160144331,
oi_16258.jpg,160085241,
oi_16259.jpg,160136389,
oi_16260.jpg,160073920,
oi_16261.jpg,160066865,
oi_16265.jpg,13 1055677,
oi_16271.jpg,14 0258509,
oi_16276.jpg,14 0261966,
oi_1628.jpg,8515315 16,
oi_16285.jpg,150487274,
oi_16286.jpg,150487778,
oi_16287.jpg,14 0288503,
oi_16288.jpg,150492822,
oi_16289.jpg,0471914,
oi_16294.jpg,E 415875813,
oi_16295.jpg,13,
oi_16295_1.jpg,E 415874413,
oi_16298.jpg,14 0232942,
oi_16303.jpg,220098826,
oi_16304.jpg,220065119,
oi_1631.jpg,8211261 16,
oi_16312.jpg,8536395 16,
oi_16313.jpg,8577941 16,
oi_16314.jpg,8580022 16,
oi_16315.jpg,8567227 16,
oi_16326.jpg,8536002 16,
oi_16327.jpg,8557223 16,
oi_16336.jpg,10 081969,
oi_1634.jpg,2010 2347917,
oi_16341.jpg,10 380263,
oi_16344.jpg,10 380341,
oi_1635.jpg,2010 1614249,
oi_16350.jpg,6 0266962,
oi_16356.jpg,0630286,
oi_16357.jpg,0630296,
oi_16363.jpg,8490744 16,
oi_16370.jpg,167369-17,
oi_16371.jpg,297453-1,
oi_16376.jpg,0195461,
oi_16378.jpg,0878492 A 14,
oi_16379.jpg,0878473 A 14,
oi_16387.jpg,6 *115462,
oi_16388.jpg,16-486207,
oi_16394.jpg,6 0200725,
oi_16395.jpg,6 0206922,
oi_16398.jpg,6 0115478,
oi_16402.jpg,12 471169,
oi_16408.jpg,8582195 16,
oi_16409.jpg,6 0115466,
oi_1641.jpg,2010 2342198,
oi_16410.jpg,3536778 16,
oi_16416.jpg,16-337185,
oi_16416_1.jpg,16-488879,
oi_16417.jpg,16-488879,
oi_1642.jpg,2010 2342473,
oi_16424.jpg,14 0014044,
oi_16429.jpg,14 0560493,
oi_16429_1.jpg,3,?
oi_16435.jpg,923831/10,
oi_16441.jpg,16-226386,
oi_16443.jpg,16-146826,
oi_16449.jpg,10 453250,
oi_16450.jpg,140671438,
oi_16458.jpg,0633030,
oi_16464.jpg,13 620740,
oi_16464_1.jpg,13 0846595,
oi_1647.jpg,1013042756100,
oi_16471.jpg,160175579,
oi_16478.jpg,0845411 A 14,
oi_1648.jpg,150808125,
oi_16484.jpg,140613429,
oi_16491.jpg,08 171039,
oi_16497.jpg,0619843,
oi_16504.jpg,440479/14,
oi_16505.jpg,440770/14,
oi_16509.jpg,5 0372049,
oi_1651.jpg,140777109,
oi_16512.jpg,10 422675,
oi_16518.jpg,0475116 15,
oi_16519.jpg,047914915,
oi_16520.jpg,5 0372045,
oi_16526.jpg,16-427321,
oi_16527.jpg,16-445075,
oi_16534.jpg,16-470414,
oi_16535.jpg,16-46896,
oi_1654.jpg,879634/10,
oi_16543.jpg,512158-12,
oi_16548.jpg,8702329 16,
oi_16549.jpg,220064078,
oi_1655.jpg,879632/10,
oi_16556.jpg,160238407,
oi_16557.jpg,160236449,
oi_16566.jpg,17036893,
oi_16571.jpg,170708535,
oi_16578.jpg,160161649,
oi_16579.jpg,160162048,
oi_16586.jpg,150811198,
oi_16587.jpg,4036662 A 16,
oi_1659.jpg,150416483,
oi_16593.jpg,16-265669,
oi_16598.jpg,4036750 A 16,
oi_16600.jpg,10 064133,
oi_16606.jpg,5496264 A 16,
oi_1661.jpg,150690022,
oi_16613.jpg,140781762,
oi_16619.jpg,C2475513 10,
oi_16621.jpg,C2441943 10,
oi_16627.jpg,11 611963,
oi_16634.jpg,16-217327,
oi_16635.jpg,16-219370,
oi_1664.jpg,7514855 15,
oi_16641.jpg,220230658,
oi_16645.jpg,12 585173,
oi_1665.jpg,160040540,
oi_16651.jpg,16-304777,
oi_16652.jpg,16-368173,
oi_16654.jpg,16-302307,
oi_16655.jpg,16-368149,
oi_16664.jpg,#,
oi_16665.jpg,8597966 16,
oi_16671.jpg,309877-16,
oi_16679.jpg,8507025 16,
oi_16680.jpg,8582979 16,
oi_16686.jpg,160043171,
oi_16688.jpg,160101544,
oi_16689.jpg,160145610,
oi_16690.jpg,160090137,
oi_16700.jpg,160151979,
oi_16701.jpg,160140086,
oi_16708.jpg,160076192,
oi_1671.jpg,160027505,
oi_16710.jpg,160105759,
oi_16711.jpg,150394719,
oi_16712.jpg,150425468,
oi_16719.jpg,14 0478625,
oi_1672.jpg,160113149,
oi_16721.jpg,14 0517999,
oi_16727.jpg,10 349428,
oi_16728.jpg,10 345033,
oi_16731.jpg,8315051 16,
oi_16735.jpg,10 390314,
oi_16736.jpg,10 391222,
oi_16737.jpg,10 412587,
oi_16738.jpg,10 385741,
oi_16748.jpg,6-226333,
oi_16749.jpg,16-265715,
oi_16756.jpg,6 0064552,
oi_16757.jpg,6 0064570,
oi_16763.jpg,28271780,
oi_16769.jpg,160095842,
oi_16770.jpg,160110642,
oi_16771.jpg,160167093,
oi_16772.jpg,160105963,
oi_16782.jpg,0426653,
oi_16789.jpg,0620587,
oi_16790.jpg,0620583,
oi_16796.jpg,160234337,
oi_16797.jpg,160233380,
oi_16798.jpg,16-254099,
oi_16798_1.jpg,313348,
oi_16806.jpg,6 0198905,
oi_16807.jpg,6 0198909,
oi_16809.jpg,16-313348,
oi_16814.jpg,160230744,
oi_16815.jpg,160232104,
oi_16824.jpg,8559281 16,
oi_1683.jpg,16-272668,
oi_16830.jpg,030658-16,
oi_16835.jpg,160239034,
oi_16836.jpg,160149973,
oi_1683_1.jpg,16-131063,
oi_16843.jpg,6 0176092,
oi_16849.jpg,8094336 16,
oi_16850.jpg,8052218 16,
oi_16851.jpg,8094360 16,
oi_16852.jpg,#,
oi_16862.jpg,28004802,
oi_16863.jpg,27905241,
oi_16870.jpg,160097417,
oi_16871.jpg,160102043,
oi_16875.jpg,13 293950,
oi_16878.jpg,25268327,
oi_16879.jpg,25263110,
oi_1688.jpg,2010 1987514,
oi_16880.jpg,25230371,
oi_16891.jpg,160119191,
oi_16892.jpg,160143007,
oi_16892_1.jpg,160143007,
oi_16898.jpg,201203013416,
oi_16901.jpg,14 0480976,
oi_16907.jpg,24014293,
oi_16908.jpg,24021930,
oi_1691.jpg,16-217206,
oi_16915.jpg,154011250,
oi_16922.jpg,8473086 16,
oi_16923.jpg,8546850 16,
oi_16929.jpg,0100125046,
oi_16932.jpg,107379-16,
oi_16936.jpg,021593*,
oi_16937.jpg,6 0229217,
oi_16938.jpg,6 0229211,
oi_16947.jpg,14 1001496,
oi_1695.jpg,150828508,
oi_16953.jpg,160212122,
oi_16961.jpg,M 0517285,
oi_16962.jpg,14 0516823,
oi_16963.jpg,14 0515528,
oi_16972.jpg,160116456,
oi_16973.jpg,BA0577106,
oi_16974.jpg,160011897,
oi_16975.jpg,160136559,
oi_1698.jpg,6 0117302,
oi_16985.jpg,14 0425979,
oi_16986.jpg,14 0468301,
oi_16993.jpg,4210146 A 16,
oi_16994.jpg,4413534 A 16,
oi_16998.jpg,3060588 A 15,
oi_17001.jpg,160219149,
oi_17002.jpg,160139058,
oi_17008.jpg,220444945,
oi_17009.jpg,2848316 A 15,
oi_17010.jpg,201203016314,
oi_17015.jpg,160239132,
oi_17016.jpg,160220736,
oi_17017.jpg,160227988,
oi_17018.jpg,160153266,
oi_17021.jpg,2851232 A 15,
oi_17032.jpg,2939158 A 15,
oi_17034.jpg,8577634 16,
oi_17035.jpg,12 425720,
oi_17035_1.jpg,8536260 16,
oi_17044.jpg,13 0451261,
oi_17045.jpg,3 0451274,
oi_17051.jpg,860154 16,
oi_17052.jpg,#,
oi_17053.jpg,8603520 16,
oi_17055.jpg,8557417 16,
oi_1706.jpg,160006044,
oi_17064.jpg,31119554,
oi_1707.jpg,160015035,
oi_17071.jpg,M 0381208 09,
oi_17078.jpg,28088203,
oi_17084.jpg,160101396,
oi_17085.jpg,160080872,
oi_17092.jpg,16-385358,
oi_17099.jpg,16-217864,
oi_17100.jpg,6-265358,
oi_17106.jpg,16-226349,
oi_17107.jpg,160146584,
oi_17108.jpg,16-249172,
oi_17119.jpg,16-0100490,
oi_1712.jpg,7 0175368,
oi_17127.jpg,14 0857239,
oi_1713.jpg,7 0174265,
oi_17132.jpg,59070906,
oi_17133.jpg,160177253,
oi_17134.jpg,160106853,
oi_17141.jpg,14 0211597,
oi_17143.jpg,58411575,
oi_17147.jpg,6 0055476,
oi_1715.jpg,10 235247,
oi_17153.jpg,160165309,
oi_17154.jpg,59074781,
oi_17160.jpg,160096228,
oi_17161.jpg,160041200,
oi_17162.jpg,160094526,
oi_17163.jpg,160138232,
oi_17165.jpg,58127019,
oi_1717.jpg,10 270748,
oi_17173.jpg,8554735 16,
oi_17174.jpg,8536664 16,
oi_17181.jpg,4433381 A 16,
oi_17182.jpg,4425430 A 16,
oi_17189.jpg,3683887 A 16,
oi_17190.jpg,4204194 A 16,
oi_17196.jpg,160236959,
oi_1720.jpg,13 1050632,
oi_17203.jpg,3769786 A 16,
oi_17204.jpg,3492507 A 16,
oi_17205.jpg,3768510 A 16,
oi_17206.jpg,4439328 A 16,
oi_17216.jpg,160118487,
oi_17217.jpg,160092635,
oi_17218.jpg,160113268,
oi_17219.jpg,160118338,
oi_17229.jpg,4671196 A 16,
oi_17230.jpg,4650169 A 16,
oi_17238.jpg,B 192727 07,
oi_17245.jpg,14 0035532,
oi_17246.jpg,14 0087435,
oi_1725.jpg,16-4**600,
oi_17252.jpg,10748115,
oi_17253.jpg,10748111,
oi_17260.jpg,3090131 A 15,
oi_17261.jpg,1947438 A 15,
oi_17265.jpg,6 0139471,
oi_17268.jpg,160068713,
oi_17269.jpg,160068642,
oi_1727.jpg,16-242393,
oi_17275.jpg,160213996,
oi_17282.jpg,678267-12,
oi_17283.jpg,684316-12,
oi_17291.jpg,16-221393,
oi_17292.jpg,16-269880,
oi_17299.jpg,8596395 16,
oi_17305.jpg,160084070,
oi_17312.jpg,146611-1,
oi_17313.jpg,778444-15,
oi_17319.jpg,8558306 16,
oi_1732.jpg,160070499,
oi_17321.jpg,8452935 16,
oi_17322.jpg,8550128 16,
oi_17323.jpg,8568391 16,
oi_17331.jpg,13 1104839,
oi_17333.jpg,170408490,
oi_17334.jpg,170422209,
oi_17340.jpg,140888086,
oi_17348.jpg,14 0548027,
oi_17355.jpg,6 0188605,
oi_17361.jpg,3683624 A 16,
oi_17368.jpg,28399708,
oi_17369.jpg,28270648,
oi_17375.jpg,8570397 16,
oi_17377.jpg,8557386 16,
oi_17382.jpg,13 203625,
oi_17383.jpg,13 627699,
oi_17390.jpg,14 0465043,
oi_17391.jpg,14 0239953,
oi_17397.jpg,14 0557682,
oi_17398.jpg,150781742,
oi_17399.jpg,14 0557501,
oi_17405.jpg,3975798 A 16,
oi_17406.jpg,3980613 A 16,
oi_17413.jpg,160177697,
oi_17414.jpg,160164612,
oi_17421.jpg,8587103 16,
oi_17422.jpg,8550411 16,
oi_17428.jpg,141011183,
oi_17429.jpg,141011198,
oi_17437.jpg,1014046191805,
oi_17443.jpg,0465594,
oi_17448.jpg,16-217353,
oi_17449.jpg,16-279786,
oi_17453.jpg,150611714,
oi_17459.jpg,160230333,
oi_17460.jpg,1602294*,
oi_17461.jpg,160229842,
oi_17462.jpg,160221064,
oi_17465.jpg,150600923,
oi_17472.jpg,8599045 16,
oi_17473.jpg,8589472 16,
oi_1748.jpg,2339629 15,
oi_17480.jpg,160138788,
oi_17481.jpg,14 0528008,
oi_17488.jpg,160042551,
oi_17494.jpg,160017276,
oi_17501.jpg,14 0305745,
oi_17507.jpg,1232471 A 14,
oi_17514.jpg,10 386404,
oi_17521.jpg,0466246,
oi_17522.jpg,3628766 A 16,
oi_17528.jpg,8471894 16,
oi_17529.jpg,8471538 16,
oi_17536.jpg,140819234,
oi_17542.jpg,14 0169244,
oi_17543.jpg,160078528,
oi_17544.jpg,160102347,
oi_17550.jpg,150794580,
oi_17557.jpg,150408433,
oi_17558.jpg,160130419,
oi_17566.jpg,16-470590,
oi_17567.jpg,16-449731,
oi_17573.jpg,160136457,
oi_17574.jpg,141222765,
oi_17582.jpg,14 0507706,
oi_17589.jpg,14 0180224,
oi_1759.jpg,2306120 15,
oi_17595.jpg,8581727 16,
oi_17596.jpg,8616696 16,
oi_17603.jpg,882334/10,
oi_17608.jpg,1132094,
oi_17609.jpg,1014043640702,
oi_17610.jpg,1121447,
oi_17617.jpg,14 0187607,
oi_17623.jpg,140772277,
oi_17629.jpg,9672619 18,
oi_17636.jpg,8330224 16,
oi_17643.jpg,160144236,
oi_17649.jpg,045830115,
oi_17656.jpg,16-434910,
oi_17657.jpg,16-420024,
oi_17663.jpg,0627567,
oi_17664.jpg,16-274904,
oi_17665.jpg,0627577,
oi_17671.jpg,160163023,
oi_17679.jpg,16-226759,
oi_17680.jpg,16-279879,
oi_17681.jpg,16-226307,
oi_17682.jpg,16-279862,
oi_17692.jpg,150418999,
oi_17699.jpg,M 0241209 10,
oi_17705.jpg,16-496935,
oi_17706.jpg,16-454058,
oi_17713.jpg,0605340,
oi_17719.jpg,0658798,
oi_17720.jpg,14 0232667,
oi_17721.jpg,0658796,
oi_17727.jpg,160215252,
oi_17734.jpg,1940510 14,
oi_17735.jpg,8793639 16,
oi_17741.jpg,22231111,
oi_17743.jpg,26537354,
oi_17751.jpg,160109337,
oi_17752.jpg,160103566,
oi_17759.jpg,14 8444898,
oi_17760.jpg,8444899,
oi_17769.jpg,3678052 A 16,
oi_17775.jpg,8197400 16,
oi_17776.jpg,E 417689913,
oi_17777.jpg,E 417689813,
oi_17783.jpg,8300612 16,
oi_17784.jpg,8287156 16,
oi_17785.jpg,8296793 16,
oi_17786.jpg,8206368 16,
oi_17788.jpg,8294532 16,
oi_17797.jpg,10 518554,
oi_17804.jpg,14 0369361,
oi_17811.jpg,160188808,
oi_17817.jpg,17-042944,
oi_17818.jpg,28313878,
oi_17827.jpg,160042242,
oi_17834.jpg,154010913,
oi_17840.jpg,8548373 16,
oi_17841.jpg,8551351 16,
oi_17848.jpg,27227167,
oi_17855.jpg,160215612,
oi_17861.jpg,0415875,
oi_17868.jpg,141013744,
oi_17874.jpg,879437/10,
oi_17875.jpg,12 696777,
oi_17875_1.jpg,12 560032,
oi_17876.jpg,0627573,
oi_17884.jpg,160190067,
oi_17885.jpg,160177270,
oi_17892.jpg,8681070 16,
oi_17900.jpg,8275499 16,
oi_17901.jpg,8307522 16,
oi_17907.jpg,4769886 A 16,
oi_17914.jpg,6478489 16,
oi_17915.jpg,8505211 16,
oi_17922.jpg,24014355,
oi_17923.jpg,24022013,
oi_17927.jpg,8391772 16,
oi_17931.jpg,190101903,
oi_17931_1.jpg,13 632914,
oi_17934.jpg,14 0172361,
oi_17935.jpg,14 0242928,
oi_17941.jpg,160310781,
oi_17943.jpg,160183853,
oi_17949.jpg,14 0454820,
oi_17956.jpg,16-445888,
oi_17957.jpg,16-448969,
oi_17963.jpg,0605337,
oi_17965.jpg,0636800,
oi_17966.jpg,0636786,
oi_17976.jpg,0621939,
oi_17977.jpg,0621925,
oi_17983.jpg,0632898,
oi_17984.jpg,0633345,
oi_17991.jpg,14 0186879,
oi_17992.jpg,14 0432357,
oi_17997.jpg,8195311 16,
oi_17999.jpg,141009798,
oi_18005.jpg,8593308 16,
oi_18014.jpg,160226357,
oi_18020.jpg,2009 8257982,
oi_18022.jpg,09 8133350,
oi_18028.jpg,8613159 16,
oi_18034.jpg,16-279675,
oi_18039.jpg,0458948,
oi_18045.jpg,#,
oi_18046.jpg,8211591 16,
oi_18055.jpg,16-471422,
oi_18061.jpg,160283639,
oi_18065.jpg,14 0068341,
oi_18068.jpg,8156022 16,
oi_18069.jpg,8186967 16,
oi_18075.jpg,27683036,
oi_18077.jpg,26516315,
oi_18078.jpg,27682974,
oi_18079.jpg,26516357,
oi_18089.jpg,160283628,
oi_18095.jpg,160205628,
oi_18102.jpg,154032939,
oi_18103.jpg,154037112,
oi_18110.jpg,140843286,
oi_18116.jpg,140930096,
oi_18120.jpg,12 0058008,
oi_18125.jpg,160051952,
oi_18131.jpg,0850522 B 12,
oi_18138.jpg,160294799,
oi_18145.jpg,14 0512625,
oi_1815.jpg,6 0082328,
oi_18151.jpg,160245928,
oi_18152.jpg,160113312,
oi_18159.jpg,160296138,
oi_18166.jpg,2011 3152402,
oi_18172.jpg,8650778 16,
oi_18173.jpg,13 0745230,
oi_18174.jpg,8651876 16,
oi_18175.jpg,13 0710615,
oi_18186.jpg,8611629 16,
oi_18188.jpg,8747992 16,
oi_18189.jpg,8586578 16,
oi_18190.jpg,8736749 16,
oi_18200.jpg,4154687 A 16,
oi_18206.jpg,8649533 16,
oi_18213.jpg,16-516467,
oi_18214.jpg,16-401353,
oi_18221.jpg,8625639 16,
oi_18227.jpg,160115889,
oi_18228.jpg,160106020,
oi_18229.jpg,160109812,
oi_18230.jpg,160105518,
oi_1824.jpg,13 1123120,
oi_18241.jpg,16-539717,
oi_18242.jpg,16-562858,
oi_18243.jpg,8301390 16,
oi_18244.jpg,17-081862,
oi_18245.jpg,17-003662,
oi_18254.jpg,8301852 16,
oi_18255.jpg,1014058701702,
oi_18263.jpg,141015251,
oi_18265.jpg,150438567,
oi_18267.jpg,17759229,
oi_18273.jpg,0633038,
oi_18276.jpg,150338310,
oi_18279.jpg,8549978 16,
oi_18280.jpg,8532956 16,
oi_18289.jpg,160165042,
oi_18290.jpg,160199301,
oi_18299.jpg,8025022 16,
oi_18300.jpg,8063652 16,
oi_18301.jpg,8000355 16,
oi_18302.jpg,8073348 16,
oi_18317.jpg,8712597 16,
oi_18319.jpg,160385961,
oi_18327.jpg,12 150807,
oi_18328.jpg,#,
oi_18337.jpg,160151089,
oi_18338.jpg,160151185,
oi_18339.jpg,160186642,
oi_18339_1.jpg,#,
oi_18340.jpg,160185223,
oi_18357.jpg,160199917,
oi_18358.jpg,160197968,
oi_18359.jpg,160203013,
oi_18360.jpg,160206803,
oi_18365.jpg,140964318,
oi_18375.jpg,160189272,
oi_18375_1.jpg,160295799,
oi_18376.jpg,140964961,
oi_18377.jpg,160296793,
oi_18385.jpg,27226707,
oi_18391.jpg,4426743 A 16,
oi_18392.jpg,4430251 A 16,
oi_18401.jpg,0616316,
oi_18406.jpg,11 899038,
oi_18412.jpg,160223888,
oi_18417.jpg,039683115,
oi_18417_1.jpg,#,
oi_18418.jpg,035644315,
oi_18429.jpg,220510411,
oi_18430.jpg,160047257,
oi_18432.jpg,160048545,
oi_18440.jpg,16-337446,
oi_18442.jpg,150222713,
oi_18446.jpg,160279550,
oi_18451.jpg,160144491,
oi_18453.jpg,150348632,
oi_18458.jpg,3638617 A 16,
oi_18463.jpg,29241960,
oi_18465.jpg,150298023,
oi_18469.jpg,140651509,
oi_18476.jpg,150097170,
oi_1848.jpg,16-116730,
oi_18481.jpg,160222297,
oi_18482.jpg,160250019,
oi_18486.jpg,140519328,
oi_18494.jpg,0539931,
oi_18494_1.jpg,0539921,
oi_18500.jpg,154016777,
oi_18500_1.jpg,190524324,
oi_18505.jpg,14 0489291,
oi_18512.jpg,6 0277708,
oi_18513.jpg,6 0277720,
oi_18516.jpg,140600850,
oi_18525.jpg,1433066,
oi_18526.jpg,5176641,
oi_18533.jpg,0645569,
oi_18534.jpg,0636574,
oi_18545.jpg,8654336 16,
oi_18546.jpg,8386944 16,
oi_18551.jpg,160088981,
oi_18557.jpg,141026820,
oi_1856.jpg,11397834,
oi_18567.jpg,141013937,
oi_18568.jpg,#,
oi_1857.jpg,12033608,
oi_18573.jpg,160180747,
oi_18581.jpg,16-485358,
oi_18582.jpg,16-485609,
oi_18600.jpg,160257275,
oi_18601.jpg,160215581,
oi_18602.jpg,160254315,
oi_18603.jpg,160254988,
oi_18604.jpg,160240417,
